<?xml version="1.0" encoding="ISO-8859-1" ?>
<link_info>
   <banner>TMS320C2000 Linker PC v18.12.1.LTS</banner>
   <copyright>Copyright (c) 1996-2018 Texas Instruments Incorporated</copyright>
   <link_time>0x5d2fe4b6</link_time>
   <link_errors>0x0</link_errors>
   <output_file>SCI_Echo_Alter.out</output_file>
   <entry_point>
      <name>code_start</name>
      <address>0x0</address>
   </entry_point>
   <input_file_list>
      <input_file id="fl-1e">
         <path>C:\ti\ccs901\ccs\tools\compiler\ti-cgt-c2000_18.12.1.LTS\lib\</path>
         <kind>archive</kind>
         <file>rts2800_fpu32.lib</file>
         <name>cpy_tbl.c.obj</name>
      </input_file>
      <input_file id="fl-1f">
         <path>C:\ti\ccs901\ccs\tools\compiler\ti-cgt-c2000_18.12.1.LTS\lib\</path>
         <kind>archive</kind>
         <file>rts2800_fpu32.lib</file>
         <name>memcpy.c.obj</name>
      </input_file>
      <input_file id="fl-20">
         <path>C:\ti\ccs901\ccs\tools\compiler\ti-cgt-c2000_18.12.1.LTS\lib\</path>
         <kind>archive</kind>
         <file>rts2800_fpu32.lib</file>
         <name>pre_init.c.obj</name>
      </input_file>
      <input_file id="fl-23">
         <path>C:\ti\ccs901\ccs\tools\compiler\ti-cgt-c2000_18.12.1.LTS\lib\</path>
         <kind>archive</kind>
         <file>rts2800_fpu32.lib</file>
         <name>_lock.c.obj</name>
      </input_file>
      <input_file id="fl-25">
         <path>C:\ti\ccs901\ccs\tools\compiler\ti-cgt-c2000_18.12.1.LTS\lib\</path>
         <kind>archive</kind>
         <file>rts2800_fpu32.lib</file>
         <name>ctype.c.obj</name>
      </input_file>
      <input_file id="fl-26">
         <path>C:\ti\ccs901\ccs\tools\compiler\ti-cgt-c2000_18.12.1.LTS\lib\</path>
         <kind>archive</kind>
         <file>rts2800_fpu32.lib</file>
         <name>memory.c.obj</name>
      </input_file>
      <input_file id="fl-27">
         <path>C:\ti\ccs901\ccs\tools\compiler\ti-cgt-c2000_18.12.1.LTS\lib\</path>
         <kind>archive</kind>
         <file>rts2800_fpu32.lib</file>
         <name>memset.c.obj</name>
      </input_file>
      <input_file id="fl-28">
         <path>C:\Users\johnd\AppData\Local\Temp\</path>
         <kind>object</kind>
         <file>{5EEAC32D-A7CA-40DF-B197-53B3FFE8FC9F}</file>
         <name>{5EEAC32D-A7CA-40DF-B197-53B3FFE8FC9F}</name>
      </input_file>
      <input_file id="fl-2">
         <path>.\</path>
         <kind>object</kind>
         <file>sci_ex3_echoback_alter.obj</file>
         <name>sci_ex3_echoback_alter.obj</name>
      </input_file>
      <input_file id="fl-3">
         <path>.\device\</path>
         <kind>object</kind>
         <file>F2837xD_CodeStartBranch.obj</file>
         <name>F2837xD_CodeStartBranch.obj</name>
      </input_file>
      <input_file id="fl-4">
         <path>.\device\</path>
         <kind>object</kind>
         <file>device.obj</file>
         <name>device.obj</name>
      </input_file>
      <input_file id="fl-9">
         <kind>object</kind>
         <file>&lt;internal&gt;</file>
         <name>&lt;internal&gt;</name>
      </input_file>
      <input_file id="fl-d">
         <path>C:\ti\C2000Ware_2_00_00_02_Software\driverlib\f2837xd\driverlib\ccs\Debug\</path>
         <kind>archive</kind>
         <file>driverlib_coff.lib</file>
         <name>gpio.obj</name>
      </input_file>
      <input_file id="fl-e">
         <path>C:\ti\C2000Ware_2_00_00_02_Software\driverlib\f2837xd\driverlib\ccs\Debug\</path>
         <kind>archive</kind>
         <file>driverlib_coff.lib</file>
         <name>interrupt.obj</name>
      </input_file>
      <input_file id="fl-f">
         <path>C:\ti\C2000Ware_2_00_00_02_Software\driverlib\f2837xd\driverlib\ccs\Debug\</path>
         <kind>archive</kind>
         <file>driverlib_coff.lib</file>
         <name>sci.obj</name>
      </input_file>
      <input_file id="fl-10">
         <path>C:\ti\C2000Ware_2_00_00_02_Software\driverlib\f2837xd\driverlib\ccs\Debug\</path>
         <kind>archive</kind>
         <file>driverlib_coff.lib</file>
         <name>sysctl.obj</name>
      </input_file>
      <input_file id="fl-1c">
         <path>C:\ti\ccs901\ccs\tools\compiler\ti-cgt-c2000_18.12.1.LTS\lib\</path>
         <kind>archive</kind>
         <file>rts2800_fpu32.lib</file>
         <name>boot28.asm.obj</name>
      </input_file>
      <input_file id="fl-1d">
         <path>C:\ti\ccs901\ccs\tools\compiler\ti-cgt-c2000_18.12.1.LTS\lib\</path>
         <kind>archive</kind>
         <file>rts2800_fpu32.lib</file>
         <name>fs_div28.asm.obj</name>
      </input_file>
      <input_file id="fl-21">
         <path>C:\ti\ccs901\ccs\tools\compiler\ti-cgt-c2000_18.12.1.LTS\lib\</path>
         <kind>archive</kind>
         <file>rts2800_fpu32.lib</file>
         <name>startup.c.obj</name>
      </input_file>
      <input_file id="fl-22">
         <path>C:\ti\ccs901\ccs\tools\compiler\ti-cgt-c2000_18.12.1.LTS\lib\</path>
         <kind>archive</kind>
         <file>rts2800_fpu32.lib</file>
         <name>exit.c.obj</name>
      </input_file>
      <input_file id="fl-24">
         <path>C:\ti\ccs901\ccs\tools\compiler\ti-cgt-c2000_18.12.1.LTS\lib\</path>
         <kind>archive</kind>
         <file>rts2800_fpu32.lib</file>
         <name>args_main.c.obj</name>
      </input_file>
   </input_file_list>
   <object_component_list>
      <object_component id="oc-1e">
         <name>codestart</name>
         <load_address>0x0</load_address>
         <run_address>0x0</run_address>
         <size>0x2</size>
         <input_file_ref idref="fl-3"/>
      </object_component>
      <object_component id="oc-54">
         <name>.text</name>
         <load_address>0x8000</load_address>
         <run_address>0x8000</run_address>
         <size>0x56</size>
         <input_file_ref idref="fl-1c"/>
      </object_component>
      <object_component id="oc-88">
         <name>.text:_GPIO_setPadConfig</name>
         <load_address>0x8056</load_address>
         <run_address>0x8056</run_address>
         <size>0x52</size>
         <input_file_ref idref="fl-d"/>
      </object_component>
      <object_component id="oc-8e">
         <name>.text:_SysCtl_getClock</name>
         <load_address>0x80a8</load_address>
         <run_address>0x80a8</run_address>
         <size>0x51</size>
         <input_file_ref idref="fl-10"/>
      </object_component>
      <object_component id="oc-9b">
         <name>.text:_SysCtl_selectOscSource</name>
         <load_address>0x80f9</load_address>
         <run_address>0x80f9</run_address>
         <size>0x4d</size>
         <input_file_ref idref="fl-10"/>
      </object_component>
      <object_component id="oc-71">
         <name>.text:_SCI_clearInterruptStatus</name>
         <load_address>0x8146</load_address>
         <run_address>0x8146</run_address>
         <size>0x46</size>
         <input_file_ref idref="fl-f"/>
      </object_component>
      <object_component id="oc-84">
         <name>.text:_SCI_disableInterrupt</name>
         <load_address>0x818c</load_address>
         <run_address>0x818c</run_address>
         <size>0x46</size>
         <input_file_ref idref="fl-f"/>
      </object_component>
      <object_component id="oc-83">
         <name>.text:_SCI_enableInterrupt</name>
         <load_address>0x81d2</load_address>
         <run_address>0x81d2</run_address>
         <size>0x44</size>
         <input_file_ref idref="fl-f"/>
      </object_component>
      <object_component id="oc-82">
         <name>.text:_SCI_setConfig</name>
         <load_address>0x8216</load_address>
         <run_address>0x8216</run_address>
         <size>0x3e</size>
         <input_file_ref idref="fl-f"/>
      </object_component>
      <object_component id="oc-8a">
         <name>.text:_Interrupt_initModule</name>
         <load_address>0x8254</load_address>
         <run_address>0x8254</run_address>
         <size>0x3d</size>
         <input_file_ref idref="fl-e"/>
      </object_component>
      <object_component id="oc-74">
         <name>.text:_SCI_readCharArray</name>
         <load_address>0x8291</load_address>
         <run_address>0x8291</run_address>
         <size>0x3b</size>
         <input_file_ref idref="fl-f"/>
      </object_component>
      <object_component id="oc-89">
         <name>.text:_GPIO_setQualificationMode</name>
         <load_address>0x82cc</load_address>
         <run_address>0x82cc</run_address>
         <size>0x38</size>
         <input_file_ref idref="fl-d"/>
      </object_component>
      <object_component id="oc-86">
         <name>.text:_GPIO_setPinConfig</name>
         <load_address>0x8304</load_address>
         <run_address>0x8304</run_address>
         <size>0x37</size>
         <input_file_ref idref="fl-d"/>
      </object_component>
      <object_component id="oc-8c">
         <name>.text:_Interrupt_enable</name>
         <load_address>0x833b</load_address>
         <run_address>0x833b</run_address>
         <size>0x34</size>
         <input_file_ref idref="fl-e"/>
      </object_component>
      <object_component id="oc-87">
         <name>.text:_GPIO_setDirectionMode</name>
         <load_address>0x836f</load_address>
         <run_address>0x836f</run_address>
         <size>0x31</size>
         <input_file_ref idref="fl-d"/>
      </object_component>
      <object_component id="oc-7c">
         <name>.text</name>
         <load_address>0x83a0</load_address>
         <run_address>0x83a0</run_address>
         <size>0x29</size>
         <input_file_ref idref="fl-22"/>
      </object_component>
      <object_component id="oc-79">
         <name>.text</name>
         <load_address>0x83c9</load_address>
         <run_address>0x83c9</run_address>
         <size>0x24</size>
         <input_file_ref idref="fl-1e"/>
      </object_component>
      <object_component id="oc-7f">
         <name>.text:_SCI_isFIFOEnabled</name>
         <load_address>0x83ed</load_address>
         <run_address>0x83ed</run_address>
         <size>0x22</size>
         <input_file_ref idref="fl-f"/>
      </object_component>
      <object_component id="oc-8b">
         <name>.text:_Interrupt_initVectorTable</name>
         <load_address>0x840f</load_address>
         <run_address>0x840f</run_address>
         <size>0x20</size>
         <input_file_ref idref="fl-e"/>
      </object_component>
      <object_component id="oc-7d">
         <name>.text:_SCI_isBaseValid</name>
         <load_address>0x842f</load_address>
         <run_address>0x842f</run_address>
         <size>0x1f</size>
         <input_file_ref idref="fl-f"/>
      </object_component>
      <object_component id="oc-90">
         <name>.text</name>
         <load_address>0x844e</load_address>
         <run_address>0x844e</run_address>
         <size>0x1c</size>
         <input_file_ref idref="fl-1f"/>
      </object_component>
      <object_component id="oc-81">
         <name>.text:_SCI_isDataAvailableNonFIFO</name>
         <load_address>0x846a</load_address>
         <run_address>0x846a</run_address>
         <size>0x1b</size>
         <input_file_ref idref="fl-f"/>
      </object_component>
      <object_component id="oc-8f">
         <name>.text:_SysCtl_getLowSpeedClock</name>
         <load_address>0x8485</load_address>
         <run_address>0x8485</run_address>
         <size>0x1a</size>
         <input_file_ref idref="fl-10"/>
      </object_component>
      <object_component id="oc-92">
         <name>.text:_SCI_disableModule</name>
         <load_address>0x849f</load_address>
         <run_address>0x849f</run_address>
         <size>0x19</size>
         <input_file_ref idref="fl-f"/>
      </object_component>
      <object_component id="oc-7e">
         <name>.text:_SCI_performSoftwareReset</name>
         <load_address>0x84b8</load_address>
         <run_address>0x84b8</run_address>
         <size>0x19</size>
         <input_file_ref idref="fl-f"/>
      </object_component>
      <object_component id="oc-7b">
         <name>.text</name>
         <load_address>0x84d1</load_address>
         <run_address>0x84d1</run_address>
         <size>0x19</size>
         <input_file_ref idref="fl-24"/>
      </object_component>
      <object_component id="oc-80">
         <name>.text:_SCI_getRxFIFOStatus</name>
         <load_address>0x84ea</load_address>
         <run_address>0x84ea</run_address>
         <size>0x15</size>
         <input_file_ref idref="fl-f"/>
      </object_component>
      <object_component id="oc-93">
         <name>.text:_SCI_enableModule</name>
         <load_address>0x84ff</load_address>
         <run_address>0x84ff</run_address>
         <size>0x14</size>
         <input_file_ref idref="fl-f"/>
      </object_component>
      <object_component id="oc-94">
         <name>.text:_GPIO_isPinValid</name>
         <load_address>0x8513</load_address>
         <run_address>0x8513</run_address>
         <size>0xe</size>
         <input_file_ref idref="fl-d"/>
      </object_component>
      <object_component id="oc-96">
         <name>.text:_Interrupt_defaultHandler</name>
         <load_address>0x8521</load_address>
         <run_address>0x8521</run_address>
         <size>0xe</size>
         <input_file_ref idref="fl-e"/>
      </object_component>
      <object_component id="oc-95">
         <name>.text:_Interrupt_disableMaster</name>
         <load_address>0x852f</load_address>
         <run_address>0x852f</run_address>
         <size>0xd</size>
         <input_file_ref idref="fl-e"/>
      </object_component>
      <object_component id="oc-99">
         <name>.text:_Interrupt_enableMaster</name>
         <load_address>0x853c</load_address>
         <run_address>0x853c</run_address>
         <size>0xd</size>
         <input_file_ref idref="fl-e"/>
      </object_component>
      <object_component id="oc-9a">
         <name>.text:_SysCtl_isMCDClockFailureDetected</name>
         <load_address>0x8549</load_address>
         <run_address>0x8549</run_address>
         <size>0xb</size>
         <input_file_ref idref="fl-10"/>
      </object_component>
      <object_component id="oc-9c">
         <name>.text:_SysCtl_serviceWatchdog</name>
         <load_address>0x8554</load_address>
         <run_address>0x8554</run_address>
         <size>0x9</size>
         <input_file_ref idref="fl-10"/>
      </object_component>
      <object_component id="oc-98">
         <name>.text:_Interrupt_illegalOperationHandler</name>
         <load_address>0x855d</load_address>
         <run_address>0x855d</run_address>
         <size>0x2</size>
         <input_file_ref idref="fl-e"/>
      </object_component>
      <object_component id="oc-97">
         <name>.text:_Interrupt_nmiHandler</name>
         <load_address>0x855f</load_address>
         <run_address>0x855f</run_address>
         <size>0x2</size>
         <input_file_ref idref="fl-e"/>
      </object_component>
      <object_component id="oc-78">
         <name>.text</name>
         <load_address>0x8561</load_address>
         <run_address>0x8561</run_address>
         <size>0x2</size>
         <input_file_ref idref="fl-20"/>
      </object_component>
      <object_component id="oc-9d">
         <name>.text</name>
         <load_address>0x8563</load_address>
         <run_address>0x8563</run_address>
         <size>0x1</size>
         <input_file_ref idref="fl-23"/>
      </object_component>
      <object_component id="oc-7a">
         <name>.text</name>
         <load_address>0x8564</load_address>
         <run_address>0x8564</run_address>
         <size>0x1</size>
         <input_file_ref idref="fl-21"/>
      </object_component>
      <object_component id="oc-8d">
         <name>.text:_SysCtl_setClock</name>
         <load_address>0xb000</load_address>
         <run_address>0xb000</run_address>
         <size>0x21f</size>
         <input_file_ref idref="fl-10"/>
      </object_component>
      <object_component id="oc-77">
         <name>.text</name>
         <load_address>0xb21f</load_address>
         <run_address>0xb21f</run_address>
         <size>0x16e</size>
         <input_file_ref idref="fl-4"/>
      </object_component>
      <object_component id="oc-76">
         <name>.text</name>
         <load_address>0xb38d</load_address>
         <run_address>0xb38d</run_address>
         <size>0x15d</size>
         <input_file_ref idref="fl-2"/>
      </object_component>
      <object_component id="oc-2a">
         <name>.text:retain</name>
         <load_address>0xb4ea</load_address>
         <run_address>0xb4ea</run_address>
         <size>0x141</size>
         <input_file_ref idref="fl-2"/>
      </object_component>
      <object_component id="oc-72">
         <name>.text</name>
         <load_address>0xb62b</load_address>
         <run_address>0xb62b</run_address>
         <size>0x115</size>
         <input_file_ref idref="fl-26"/>
      </object_component>
      <object_component id="oc-5b">
         <name>.text</name>
         <load_address>0xb740</load_address>
         <run_address>0xb740</run_address>
         <size>0x88</size>
         <input_file_ref idref="fl-1d"/>
      </object_component>
      <object_component id="oc-85">
         <name>.text:_GPIO_setMasterCore</name>
         <load_address>0xb7c8</load_address>
         <run_address>0xb7c8</run_address>
         <size>0x38</size>
         <input_file_ref idref="fl-d"/>
      </object_component>
      <object_component id="oc-28">
         <name>.cinit</name>
         <load_address>0x122</load_address>
         <run_address>0x122</run_address>
         <size>0x18</size>
         <input_file_ref idref="fl-2"/>
      </object_component>
      <object_component id="oc-35">
         <name>.cinit</name>
         <load_address>0x13a</load_address>
         <run_address>0x13a</run_address>
         <size>0xf</size>
         <input_file_ref idref="fl-4"/>
      </object_component>
      <object_component id="oc-66">
         <name>.cinit</name>
         <load_address>0x149</load_address>
         <run_address>0x149</run_address>
         <size>0xe</size>
         <input_file_ref idref="fl-22"/>
      </object_component>
      <object_component id="oc-20">
         <name>.cinit</name>
         <load_address>0x157</load_address>
         <run_address>0x157</run_address>
         <size>0x4</size>
         <input_file_ref idref="fl-28"/>
      </object_component>
      <object_component id="oc-56">
         <name>.reset</name>
         <load_address>0x3fffc0</load_address>
         <run_address>0x3fffc0</run_address>
         <size>0x2</size>
         <input_file_ref idref="fl-1c"/>
      </object_component>
      <object_component id="oc-55">
         <name>.stack</name>
         <uninitialized>true</uninitialized>
         <run_address>0x400</run_address>
         <size>0x0</size>
         <input_file_ref idref="fl-1c"/>
      </object_component>
      <object_component id="oc-c3">
         <name>.stack</name>
         <uninitialized>true</uninitialized>
         <run_address>0x400</run_address>
         <size>0x0</size>
      </object_component>
      <object_component id="oc-29">
         <name>.ebss</name>
         <uninitialized>true</uninitialized>
         <run_address>0xacae</run_address>
         <size>0xe</size>
         <input_file_ref idref="fl-2"/>
      </object_component>
      <object_component id="oc-21">
         <name>.ebss</name>
         <uninitialized>true</uninitialized>
         <run_address>0xacbc</run_address>
         <size>0x4</size>
         <input_file_ref idref="fl-26"/>
      </object_component>
      <object_component id="oc-36">
         <name>.ebss</name>
         <uninitialized>true</uninitialized>
         <run_address>0xacc0</run_address>
         <size>0x6</size>
         <input_file_ref idref="fl-4"/>
      </object_component>
      <object_component id="oc-67">
         <name>.ebss</name>
         <uninitialized>true</uninitialized>
         <run_address>0xacc6</run_address>
         <size>0x6</size>
         <input_file_ref idref="fl-22"/>
      </object_component>
      <object_component id="oc-73">
         <name>.ebss:_rcvdArray</name>
         <uninitialized>true</uninitialized>
         <run_address>0x17000</run_address>
         <size>0x400</size>
         <input_file_ref idref="fl-2"/>
      </object_component>
      <object_component id="oc-75">
         <name>.econst:.string:__ctypes_</name>
         <load_address>0xa800</load_address>
         <run_address>0xa800</run_address>
         <size>0x101</size>
         <input_file_ref idref="fl-25"/>
      </object_component>
      <object_component id="oc-3c">
         <name>.econst:.string</name>
         <load_address>0xa902</load_address>
         <run_address>0xa902</run_address>
         <size>0xc8</size>
         <input_file_ref idref="fl-d"/>
      </object_component>
      <object_component id="oc-48">
         <name>.econst:.string</name>
         <load_address>0xa9ca</load_address>
         <run_address>0xa9ca</run_address>
         <size>0xc7</size>
         <input_file_ref idref="fl-f"/>
      </object_component>
      <object_component id="oc-42">
         <name>.econst:.string</name>
         <load_address>0xaa92</load_address>
         <run_address>0xaa92</run_address>
         <size>0x69</size>
         <input_file_ref idref="fl-e"/>
      </object_component>
      <object_component id="oc-4f">
         <name>.econst:.string</name>
         <load_address>0xaafc</load_address>
         <run_address>0xaafc</run_address>
         <size>0x66</size>
         <input_file_ref idref="fl-10"/>
      </object_component>
      <object_component id="oc-2b">
         <name>.econst:.string</name>
         <load_address>0xab62</load_address>
         <run_address>0xab62</run_address>
         <size>0x4a</size>
         <input_file_ref idref="fl-2"/>
      </object_component>
      <object_component id="oc-91">
         <name>.econst:__lock</name>
         <load_address>0xabac</load_address>
         <run_address>0xabac</run_address>
         <size>0x2</size>
         <input_file_ref idref="fl-23"/>
      </object_component>
      <object_component id="oc-22">
         <name>.esysmem</name>
         <uninitialized>true</uninitialized>
         <run_address>0xabae</run_address>
         <size>0x4</size>
         <input_file_ref idref="fl-26"/>
      </object_component>
      <object_component id="oc-c4">
         <name>.esysmem</name>
         <uninitialized>true</uninitialized>
         <run_address>0xabae</run_address>
         <size>0x0</size>
      </object_component>
      <object_component id="oc-4e">
         <name>.TI.ramfunc</name>
         <load_address>0x15d</load_address>
         <run_address>0x15d</run_address>
         <size>0x4</size>
         <input_file_ref idref="fl-10"/>
      </object_component>
      <object_component id="oc-27">
         <name>.debug_info</name>
         <load_address>0x0</load_address>
         <run_address>0x0</run_address>
         <size>0x141c</size>
         <input_file_ref idref="fl-2"/>
      </object_component>
      <object_component id="oc-31">
         <name>.debug_info</name>
         <load_address>0x141c</load_address>
         <run_address>0x141c</run_address>
         <size>0x10f</size>
         <input_file_ref idref="fl-3"/>
      </object_component>
      <object_component id="oc-34">
         <name>.debug_info</name>
         <load_address>0x152b</load_address>
         <run_address>0x152b</run_address>
         <size>0x1269</size>
         <input_file_ref idref="fl-4"/>
      </object_component>
      <object_component id="oc-3b">
         <name>.debug_info</name>
         <load_address>0x2794</load_address>
         <run_address>0x2794</run_address>
         <size>0x10bd</size>
         <input_file_ref idref="fl-d"/>
      </object_component>
      <object_component id="oc-41">
         <name>.debug_info</name>
         <load_address>0x3851</load_address>
         <run_address>0x3851</run_address>
         <size>0xe25</size>
         <input_file_ref idref="fl-e"/>
      </object_component>
      <object_component id="oc-47">
         <name>.debug_info</name>
         <load_address>0x4676</load_address>
         <run_address>0x4676</run_address>
         <size>0x1835</size>
         <input_file_ref idref="fl-f"/>
      </object_component>
      <object_component id="oc-4d">
         <name>.debug_info</name>
         <load_address>0x5eab</load_address>
         <run_address>0x5eab</run_address>
         <size>0x10bc</size>
         <input_file_ref idref="fl-10"/>
      </object_component>
      <object_component id="oc-57">
         <name>.debug_info</name>
         <load_address>0x6f67</load_address>
         <run_address>0x6f67</run_address>
         <size>0x177</size>
         <input_file_ref idref="fl-1c"/>
      </object_component>
      <object_component id="oc-5c">
         <name>.debug_info</name>
         <load_address>0x70de</load_address>
         <run_address>0x70de</run_address>
         <size>0x118</size>
         <input_file_ref idref="fl-1d"/>
      </object_component>
      <object_component id="oc-60">
         <name>.debug_info</name>
         <load_address>0x71f6</load_address>
         <run_address>0x71f6</run_address>
         <size>0x3a0</size>
         <input_file_ref idref="fl-21"/>
      </object_component>
      <object_component id="oc-65">
         <name>.debug_info</name>
         <load_address>0x7596</load_address>
         <run_address>0x7596</run_address>
         <size>0x53a</size>
         <input_file_ref idref="fl-22"/>
      </object_component>
      <object_component id="oc-6c">
         <name>.debug_info</name>
         <load_address>0x7ad0</load_address>
         <run_address>0x7ad0</run_address>
         <size>0x45d</size>
         <input_file_ref idref="fl-24"/>
      </object_component>
      <object_component id="oc-1f">
         <name>.debug_info</name>
         <load_address>0x7f2d</load_address>
         <run_address>0x7f2d</run_address>
         <size>0x10c9</size>
         <input_file_ref idref="fl-28"/>
      </object_component>
      <object_component id="oc-c9">
         <name>.debug_info</name>
         <load_address>0x8ff6</load_address>
         <run_address>0x8ff6</run_address>
         <size>0xb6</size>
      </object_component>
      <object_component id="oc-2c">
         <name>.debug_frame</name>
         <load_address>0x0</load_address>
         <run_address>0x0</run_address>
         <size>0x1c0</size>
         <input_file_ref idref="fl-2"/>
      </object_component>
      <object_component id="oc-37">
         <name>.debug_frame</name>
         <load_address>0x1c0</load_address>
         <run_address>0x1c0</run_address>
         <size>0x130</size>
         <input_file_ref idref="fl-4"/>
      </object_component>
      <object_component id="oc-3d">
         <name>.debug_frame</name>
         <load_address>0x2f0</load_address>
         <run_address>0x2f0</run_address>
         <size>0xd0</size>
         <input_file_ref idref="fl-d"/>
      </object_component>
      <object_component id="oc-43">
         <name>.debug_frame</name>
         <load_address>0x3c0</load_address>
         <run_address>0x3c0</run_address>
         <size>0xf0</size>
         <input_file_ref idref="fl-e"/>
      </object_component>
      <object_component id="oc-49">
         <name>.debug_frame</name>
         <load_address>0x4b0</load_address>
         <run_address>0x4b0</run_address>
         <size>0x178</size>
         <input_file_ref idref="fl-f"/>
      </object_component>
      <object_component id="oc-50">
         <name>.debug_frame</name>
         <load_address>0x628</load_address>
         <run_address>0x628</run_address>
         <size>0xd4</size>
         <input_file_ref idref="fl-10"/>
      </object_component>
      <object_component id="oc-61">
         <name>.debug_frame</name>
         <load_address>0x6fc</load_address>
         <run_address>0x6fc</run_address>
         <size>0x40</size>
         <input_file_ref idref="fl-21"/>
      </object_component>
      <object_component id="oc-68">
         <name>.debug_frame</name>
         <load_address>0x73c</load_address>
         <run_address>0x73c</run_address>
         <size>0x60</size>
         <input_file_ref idref="fl-22"/>
      </object_component>
      <object_component id="oc-6d">
         <name>.debug_frame</name>
         <load_address>0x79c</load_address>
         <run_address>0x79c</run_address>
         <size>0x40</size>
         <input_file_ref idref="fl-24"/>
      </object_component>
      <object_component id="oc-23">
         <name>.debug_frame</name>
         <load_address>0x7dc</load_address>
         <run_address>0x7dc</run_address>
         <size>0x1f0</size>
         <input_file_ref idref="fl-28"/>
      </object_component>
      <object_component id="oc-2d">
         <name>.debug_line</name>
         <load_address>0x0</load_address>
         <run_address>0x0</run_address>
         <size>0x3c1</size>
         <input_file_ref idref="fl-2"/>
      </object_component>
      <object_component id="oc-30">
         <name>.debug_line</name>
         <load_address>0x3c1</load_address>
         <run_address>0x3c1</run_address>
         <size>0x54</size>
         <input_file_ref idref="fl-3"/>
      </object_component>
      <object_component id="oc-38">
         <name>.debug_line</name>
         <load_address>0x415</load_address>
         <run_address>0x415</run_address>
         <size>0x23a</size>
         <input_file_ref idref="fl-4"/>
      </object_component>
      <object_component id="oc-3e">
         <name>.debug_line</name>
         <load_address>0x64f</load_address>
         <run_address>0x64f</run_address>
         <size>0x26a</size>
         <input_file_ref idref="fl-d"/>
      </object_component>
      <object_component id="oc-44">
         <name>.debug_line</name>
         <load_address>0x8b9</load_address>
         <run_address>0x8b9</run_address>
         <size>0x216</size>
         <input_file_ref idref="fl-e"/>
      </object_component>
      <object_component id="oc-4a">
         <name>.debug_line</name>
         <load_address>0xacf</load_address>
         <run_address>0xacf</run_address>
         <size>0x2ae</size>
         <input_file_ref idref="fl-f"/>
      </object_component>
      <object_component id="oc-51">
         <name>.debug_line</name>
         <load_address>0xd7d</load_address>
         <run_address>0xd7d</run_address>
         <size>0x381</size>
         <input_file_ref idref="fl-10"/>
      </object_component>
      <object_component id="oc-58">
         <name>.debug_line</name>
         <load_address>0x10fe</load_address>
         <run_address>0x10fe</run_address>
         <size>0x7e</size>
         <input_file_ref idref="fl-1c"/>
      </object_component>
      <object_component id="oc-5d">
         <name>.debug_line</name>
         <load_address>0x117c</load_address>
         <run_address>0x117c</run_address>
         <size>0xad</size>
         <input_file_ref idref="fl-1d"/>
      </object_component>
      <object_component id="oc-62">
         <name>.debug_line</name>
         <load_address>0x1229</load_address>
         <run_address>0x1229</run_address>
         <size>0x3a</size>
         <input_file_ref idref="fl-21"/>
      </object_component>
      <object_component id="oc-69">
         <name>.debug_line</name>
         <load_address>0x1263</load_address>
         <run_address>0x1263</run_address>
         <size>0x65</size>
         <input_file_ref idref="fl-22"/>
      </object_component>
      <object_component id="oc-6e">
         <name>.debug_line</name>
         <load_address>0x12c8</load_address>
         <run_address>0x12c8</run_address>
         <size>0x55</size>
         <input_file_ref idref="fl-24"/>
      </object_component>
      <object_component id="oc-24">
         <name>.debug_line</name>
         <load_address>0x131d</load_address>
         <run_address>0x131d</run_address>
         <size>0x301</size>
         <input_file_ref idref="fl-28"/>
      </object_component>
      <object_component id="oc-2e">
         <name>.debug_abbrev</name>
         <load_address>0x0</load_address>
         <run_address>0x0</run_address>
         <size>0x202</size>
         <input_file_ref idref="fl-2"/>
      </object_component>
      <object_component id="oc-32">
         <name>.debug_abbrev</name>
         <load_address>0x202</load_address>
         <run_address>0x202</run_address>
         <size>0x21</size>
         <input_file_ref idref="fl-3"/>
      </object_component>
      <object_component id="oc-39">
         <name>.debug_abbrev</name>
         <load_address>0x223</load_address>
         <run_address>0x223</run_address>
         <size>0x166</size>
         <input_file_ref idref="fl-4"/>
      </object_component>
      <object_component id="oc-3f">
         <name>.debug_abbrev</name>
         <load_address>0x389</load_address>
         <run_address>0x389</run_address>
         <size>0x1c8</size>
         <input_file_ref idref="fl-d"/>
      </object_component>
      <object_component id="oc-45">
         <name>.debug_abbrev</name>
         <load_address>0x551</load_address>
         <run_address>0x551</run_address>
         <size>0x19c</size>
         <input_file_ref idref="fl-e"/>
      </object_component>
      <object_component id="oc-4b">
         <name>.debug_abbrev</name>
         <load_address>0x6ed</load_address>
         <run_address>0x6ed</run_address>
         <size>0x19d</size>
         <input_file_ref idref="fl-f"/>
      </object_component>
      <object_component id="oc-52">
         <name>.debug_abbrev</name>
         <load_address>0x88a</load_address>
         <run_address>0x88a</run_address>
         <size>0x191</size>
         <input_file_ref idref="fl-10"/>
      </object_component>
      <object_component id="oc-59">
         <name>.debug_abbrev</name>
         <load_address>0xa1b</load_address>
         <run_address>0xa1b</run_address>
         <size>0x46</size>
         <input_file_ref idref="fl-1c"/>
      </object_component>
      <object_component id="oc-5e">
         <name>.debug_abbrev</name>
         <load_address>0xa61</load_address>
         <run_address>0xa61</run_address>
         <size>0x38</size>
         <input_file_ref idref="fl-1d"/>
      </object_component>
      <object_component id="oc-63">
         <name>.debug_abbrev</name>
         <load_address>0xa99</load_address>
         <run_address>0xa99</run_address>
         <size>0x66</size>
         <input_file_ref idref="fl-21"/>
      </object_component>
      <object_component id="oc-6a">
         <name>.debug_abbrev</name>
         <load_address>0xaff</load_address>
         <run_address>0xaff</run_address>
         <size>0x130</size>
         <input_file_ref idref="fl-22"/>
      </object_component>
      <object_component id="oc-6f">
         <name>.debug_abbrev</name>
         <load_address>0xc2f</load_address>
         <run_address>0xc2f</run_address>
         <size>0xee</size>
         <input_file_ref idref="fl-24"/>
      </object_component>
      <object_component id="oc-25">
         <name>.debug_abbrev</name>
         <load_address>0xd1d</load_address>
         <run_address>0xd1d</run_address>
         <size>0x202</size>
         <input_file_ref idref="fl-28"/>
      </object_component>
      <object_component id="oc-ca">
         <name>.debug_abbrev</name>
         <load_address>0xf1f</load_address>
         <run_address>0xf1f</run_address>
         <size>0xf</size>
      </object_component>
      <object_component id="oc-2f">
         <name>.debug_aranges</name>
         <load_address>0x0</load_address>
         <run_address>0x0</run_address>
         <size>0x48</size>
         <input_file_ref idref="fl-2"/>
      </object_component>
      <object_component id="oc-33">
         <name>.debug_aranges</name>
         <load_address>0x48</load_address>
         <run_address>0x48</run_address>
         <size>0x20</size>
         <input_file_ref idref="fl-3"/>
      </object_component>
      <object_component id="oc-3a">
         <name>.debug_aranges</name>
         <load_address>0x68</load_address>
         <run_address>0x68</run_address>
         <size>0x68</size>
         <input_file_ref idref="fl-4"/>
      </object_component>
      <object_component id="oc-40">
         <name>.debug_aranges</name>
         <load_address>0xd0</load_address>
         <run_address>0xd0</run_address>
         <size>0x48</size>
         <input_file_ref idref="fl-d"/>
      </object_component>
      <object_component id="oc-46">
         <name>.debug_aranges</name>
         <load_address>0x118</load_address>
         <run_address>0x118</run_address>
         <size>0x58</size>
         <input_file_ref idref="fl-e"/>
      </object_component>
      <object_component id="oc-4c">
         <name>.debug_aranges</name>
         <load_address>0x170</load_address>
         <run_address>0x170</run_address>
         <size>0x78</size>
         <input_file_ref idref="fl-f"/>
      </object_component>
      <object_component id="oc-53">
         <name>.debug_aranges</name>
         <load_address>0x1e8</load_address>
         <run_address>0x1e8</run_address>
         <size>0x48</size>
         <input_file_ref idref="fl-10"/>
      </object_component>
      <object_component id="oc-5a">
         <name>.debug_aranges</name>
         <load_address>0x230</load_address>
         <run_address>0x230</run_address>
         <size>0x20</size>
         <input_file_ref idref="fl-1c"/>
      </object_component>
      <object_component id="oc-5f">
         <name>.debug_aranges</name>
         <load_address>0x250</load_address>
         <run_address>0x250</run_address>
         <size>0x20</size>
         <input_file_ref idref="fl-1d"/>
      </object_component>
      <object_component id="oc-64">
         <name>.debug_aranges</name>
         <load_address>0x270</load_address>
         <run_address>0x270</run_address>
         <size>0x20</size>
         <input_file_ref idref="fl-21"/>
      </object_component>
      <object_component id="oc-6b">
         <name>.debug_aranges</name>
         <load_address>0x290</load_address>
         <run_address>0x290</run_address>
         <size>0x28</size>
         <input_file_ref idref="fl-22"/>
      </object_component>
      <object_component id="oc-70">
         <name>.debug_aranges</name>
         <load_address>0x2b8</load_address>
         <run_address>0x2b8</run_address>
         <size>0x20</size>
         <input_file_ref idref="fl-24"/>
      </object_component>
      <object_component id="oc-26">
         <name>.debug_aranges</name>
         <load_address>0x2d8</load_address>
         <run_address>0x2d8</run_address>
         <size>0x98</size>
         <input_file_ref idref="fl-28"/>
      </object_component>
   </object_component_list>
   <logical_group_list>
      <logical_group id="lg-2" display="no" color="cyan">
         <name>codestart</name>
         <load_address>0x0</load_address>
         <run_address>0x0</run_address>
         <size>0x2</size>
         <contents>
            <object_component_ref idref="oc-1e"/>
         </contents>
      </logical_group>
      <logical_group id="lg-c5" display="no" color="cyan">
         <name>.text.1</name>
         <load_address>0x8000</load_address>
         <run_address>0x8000</run_address>
         <size>0x565</size>
         <contents>
            <object_component_ref idref="oc-54"/>
            <object_component_ref idref="oc-88"/>
            <object_component_ref idref="oc-8e"/>
            <object_component_ref idref="oc-9b"/>
            <object_component_ref idref="oc-71"/>
            <object_component_ref idref="oc-84"/>
            <object_component_ref idref="oc-83"/>
            <object_component_ref idref="oc-82"/>
            <object_component_ref idref="oc-8a"/>
            <object_component_ref idref="oc-74"/>
            <object_component_ref idref="oc-89"/>
            <object_component_ref idref="oc-86"/>
            <object_component_ref idref="oc-8c"/>
            <object_component_ref idref="oc-87"/>
            <object_component_ref idref="oc-7c"/>
            <object_component_ref idref="oc-79"/>
            <object_component_ref idref="oc-7f"/>
            <object_component_ref idref="oc-8b"/>
            <object_component_ref idref="oc-7d"/>
            <object_component_ref idref="oc-90"/>
            <object_component_ref idref="oc-81"/>
            <object_component_ref idref="oc-8f"/>
            <object_component_ref idref="oc-92"/>
            <object_component_ref idref="oc-7e"/>
            <object_component_ref idref="oc-7b"/>
            <object_component_ref idref="oc-80"/>
            <object_component_ref idref="oc-93"/>
            <object_component_ref idref="oc-94"/>
            <object_component_ref idref="oc-96"/>
            <object_component_ref idref="oc-95"/>
            <object_component_ref idref="oc-99"/>
            <object_component_ref idref="oc-9a"/>
            <object_component_ref idref="oc-9c"/>
            <object_component_ref idref="oc-98"/>
            <object_component_ref idref="oc-97"/>
            <object_component_ref idref="oc-78"/>
            <object_component_ref idref="oc-9d"/>
            <object_component_ref idref="oc-7a"/>
         </contents>
      </logical_group>
      <logical_group id="lg-c6" display="no" color="cyan">
         <name>.text.2</name>
         <load_address>0xb000</load_address>
         <run_address>0xb000</run_address>
         <size>0x800</size>
         <contents>
            <object_component_ref idref="oc-8d"/>
            <object_component_ref idref="oc-77"/>
            <object_component_ref idref="oc-76"/>
            <object_component_ref idref="oc-2a"/>
            <object_component_ref idref="oc-72"/>
            <object_component_ref idref="oc-5b"/>
            <object_component_ref idref="oc-85"/>
         </contents>
      </logical_group>
      <split_section id="lg-3" display="no" color="cyan">
         <name>.text</name>
         <contents>
            <logical_group_ref idref="lg-c5"/>
            <logical_group_ref idref="lg-c6"/>
         </contents>
      </split_section>
      <logical_group id="lg-4" display="no" color="cyan">
         <name>.cinit</name>
         <load_address>0x122</load_address>
         <run_address>0x122</run_address>
         <size>0x3b</size>
         <contents>
            <object_component_ref idref="oc-28"/>
            <object_component_ref idref="oc-35"/>
            <object_component_ref idref="oc-66"/>
            <object_component_ref idref="oc-20"/>
         </contents>
      </logical_group>
      <logical_group id="lg-5" display="no" color="cyan">
         <name>.switch</name>
         <run_address>0x0</run_address>
         <size>0x0</size>
         <contents>
         </contents>
      </logical_group>
      <logical_group id="lg-6" display="no" color="cyan">
         <name>.reset</name>
         <load_address>0x3fffc0</load_address>
         <run_address>0x3fffc0</run_address>
         <size>0x2</size>
         <contents>
            <object_component_ref idref="oc-56"/>
         </contents>
      </logical_group>
      <logical_group id="lg-7" display="no" color="cyan">
         <name>.stack</name>
         <run_address>0x400</run_address>
         <size>0x100</size>
         <contents>
            <object_component_ref idref="oc-55"/>
            <object_component_ref idref="oc-c3"/>
         </contents>
      </logical_group>
      <logical_group id="lg-8" display="no" color="cyan">
         <name>.pinit</name>
         <run_address>0x0</run_address>
         <size>0x0</size>
         <contents>
         </contents>
      </logical_group>
      <logical_group id="lg-c7" display="no" color="cyan">
         <name>.ebss.1</name>
         <run_address>0xacae</run_address>
         <size>0x1e</size>
         <contents>
            <object_component_ref idref="oc-29"/>
            <object_component_ref idref="oc-21"/>
            <object_component_ref idref="oc-36"/>
            <object_component_ref idref="oc-67"/>
         </contents>
      </logical_group>
      <logical_group id="lg-c8" display="no" color="cyan">
         <name>.ebss.2</name>
         <run_address>0x17000</run_address>
         <size>0x400</size>
         <contents>
            <object_component_ref idref="oc-73"/>
         </contents>
      </logical_group>
      <split_section id="lg-9" display="no" color="cyan">
         <name>.ebss</name>
         <contents>
            <logical_group_ref idref="lg-c7"/>
            <logical_group_ref idref="lg-c8"/>
         </contents>
      </split_section>
      <logical_group id="lg-a" display="no" color="cyan">
         <name>.econst</name>
         <load_address>0xa800</load_address>
         <run_address>0xa800</run_address>
         <size>0x3ae</size>
         <contents>
            <object_component_ref idref="oc-75"/>
            <object_component_ref idref="oc-3c"/>
            <object_component_ref idref="oc-48"/>
            <object_component_ref idref="oc-42"/>
            <object_component_ref idref="oc-4f"/>
            <object_component_ref idref="oc-2b"/>
            <object_component_ref idref="oc-91"/>
         </contents>
      </logical_group>
      <logical_group id="lg-b" display="no" color="cyan">
         <name>.esysmem</name>
         <run_address>0xabae</run_address>
         <size>0x100</size>
         <contents>
            <object_component_ref idref="oc-22"/>
            <object_component_ref idref="oc-c4"/>
         </contents>
      </logical_group>
      <logical_group id="lg-c" display="no" color="cyan">
         <name>Filter_RegsFile</name>
         <run_address>0x0</run_address>
         <size>0x0</size>
         <contents>
         </contents>
      </logical_group>
      <logical_group id="lg-d" display="no" color="cyan">
         <name>ramgs0</name>
         <run_address>0x0</run_address>
         <size>0x0</size>
         <contents>
         </contents>
      </logical_group>
      <logical_group id="lg-e" display="no" color="cyan">
         <name>ramgs1</name>
         <run_address>0x0</run_address>
         <size>0x0</size>
         <contents>
         </contents>
      </logical_group>
      <logical_group id="lg-f" display="no" color="cyan">
         <name>.TI.ramfunc</name>
         <load_address>0x15d</load_address>
         <run_address>0x15d</run_address>
         <size>0x4</size>
         <contents>
            <object_component_ref idref="oc-4e"/>
         </contents>
      </logical_group>
      <logical_group id="lg-11" display="no" color="cyan">
         <name>PUTBUFFER</name>
         <run_address>0x0</run_address>
         <size>0x0</size>
         <contents>
         </contents>
      </logical_group>
      <logical_group id="lg-12" display="no" color="cyan">
         <name>PUTWRITEIDX</name>
         <run_address>0x0</run_address>
         <size>0x0</size>
         <contents>
         </contents>
      </logical_group>
      <logical_group id="lg-13" display="no" color="cyan">
         <name>GETREADIDX</name>
         <run_address>0x0</run_address>
         <size>0x0</size>
         <contents>
         </contents>
      </logical_group>
      <logical_group id="lg-10" display="no" color="cyan">
         <name>GROUP_1</name>
         <run_address>0x0</run_address>
         <size>0x0</size>
         <contents>
            <logical_group_ref idref="lg-11"/>
            <logical_group_ref idref="lg-12"/>
            <logical_group_ref idref="lg-13"/>
         </contents>
      </logical_group>
      <logical_group id="lg-15" display="no" color="cyan">
         <name>GETBUFFER</name>
         <run_address>0x3f800</run_address>
         <size>0x0</size>
         <contents>
         </contents>
      </logical_group>
      <logical_group id="lg-16" display="no" color="cyan">
         <name>GETWRITEIDX</name>
         <run_address>0x3f800</run_address>
         <size>0x0</size>
         <contents>
         </contents>
      </logical_group>
      <logical_group id="lg-17" display="no" color="cyan">
         <name>PUTREADIDX</name>
         <run_address>0x3f800</run_address>
         <size>0x0</size>
         <contents>
         </contents>
      </logical_group>
      <logical_group id="lg-14" display="no" color="cyan">
         <name>GROUP_2</name>
         <run_address>0x3f800</run_address>
         <size>0x0</size>
         <contents>
            <logical_group_ref idref="lg-15"/>
            <logical_group_ref idref="lg-16"/>
            <logical_group_ref idref="lg-17"/>
         </contents>
      </logical_group>
      <logical_group id="lg-18" display="no" color="cyan">
         <name>Filter1_RegsFile</name>
         <load_address>0xd000</load_address>
         <run_address>0xd000</run_address>
         <size>0x0</size>
         <contents>
         </contents>
      </logical_group>
      <logical_group id="lg-19" display="no" color="cyan">
         <name>Filter2_RegsFile</name>
         <load_address>0xe000</load_address>
         <run_address>0xe000</run_address>
         <size>0x0</size>
         <contents>
         </contents>
      </logical_group>
      <logical_group id="lg-1a" display="no" color="cyan">
         <name>Filter3_RegsFile</name>
         <load_address>0xf000</load_address>
         <run_address>0xf000</run_address>
         <size>0x0</size>
         <contents>
         </contents>
      </logical_group>
      <logical_group id="lg-1b" display="no" color="cyan">
         <name>Filter4_RegsFile</name>
         <load_address>0x10000</load_address>
         <run_address>0x10000</run_address>
         <size>0x0</size>
         <contents>
         </contents>
      </logical_group>
      <logical_group id="lg-1c" display="no" color="cyan">
         <name>Difference_RegsFile</name>
         <load_address>0x11000</load_address>
         <run_address>0x11000</run_address>
         <size>0x0</size>
         <contents>
         </contents>
      </logical_group>
      <logical_group id="lg-b7" display="never" color="cyan">
         <name>.debug_info</name>
         <load_address>0x0</load_address>
         <run_address>0x0</run_address>
         <size>0x90ac</size>
         <contents>
            <object_component_ref idref="oc-27"/>
            <object_component_ref idref="oc-31"/>
            <object_component_ref idref="oc-34"/>
            <object_component_ref idref="oc-3b"/>
            <object_component_ref idref="oc-41"/>
            <object_component_ref idref="oc-47"/>
            <object_component_ref idref="oc-4d"/>
            <object_component_ref idref="oc-57"/>
            <object_component_ref idref="oc-5c"/>
            <object_component_ref idref="oc-60"/>
            <object_component_ref idref="oc-65"/>
            <object_component_ref idref="oc-6c"/>
            <object_component_ref idref="oc-1f"/>
            <object_component_ref idref="oc-c9"/>
         </contents>
      </logical_group>
      <logical_group id="lg-b9" display="never" color="cyan">
         <name>.debug_frame</name>
         <load_address>0x0</load_address>
         <run_address>0x0</run_address>
         <size>0x9cc</size>
         <contents>
            <object_component_ref idref="oc-2c"/>
            <object_component_ref idref="oc-37"/>
            <object_component_ref idref="oc-3d"/>
            <object_component_ref idref="oc-43"/>
            <object_component_ref idref="oc-49"/>
            <object_component_ref idref="oc-50"/>
            <object_component_ref idref="oc-61"/>
            <object_component_ref idref="oc-68"/>
            <object_component_ref idref="oc-6d"/>
            <object_component_ref idref="oc-23"/>
         </contents>
      </logical_group>
      <logical_group id="lg-bb" display="never" color="cyan">
         <name>.debug_line</name>
         <load_address>0x0</load_address>
         <run_address>0x0</run_address>
         <size>0x161e</size>
         <contents>
            <object_component_ref idref="oc-2d"/>
            <object_component_ref idref="oc-30"/>
            <object_component_ref idref="oc-38"/>
            <object_component_ref idref="oc-3e"/>
            <object_component_ref idref="oc-44"/>
            <object_component_ref idref="oc-4a"/>
            <object_component_ref idref="oc-51"/>
            <object_component_ref idref="oc-58"/>
            <object_component_ref idref="oc-5d"/>
            <object_component_ref idref="oc-62"/>
            <object_component_ref idref="oc-69"/>
            <object_component_ref idref="oc-6e"/>
            <object_component_ref idref="oc-24"/>
         </contents>
      </logical_group>
      <logical_group id="lg-bd" display="never" color="cyan">
         <name>.debug_abbrev</name>
         <load_address>0x0</load_address>
         <run_address>0x0</run_address>
         <size>0xf2e</size>
         <contents>
            <object_component_ref idref="oc-2e"/>
            <object_component_ref idref="oc-32"/>
            <object_component_ref idref="oc-39"/>
            <object_component_ref idref="oc-3f"/>
            <object_component_ref idref="oc-45"/>
            <object_component_ref idref="oc-4b"/>
            <object_component_ref idref="oc-52"/>
            <object_component_ref idref="oc-59"/>
            <object_component_ref idref="oc-5e"/>
            <object_component_ref idref="oc-63"/>
            <object_component_ref idref="oc-6a"/>
            <object_component_ref idref="oc-6f"/>
            <object_component_ref idref="oc-25"/>
            <object_component_ref idref="oc-ca"/>
         </contents>
      </logical_group>
      <logical_group id="lg-bf" display="never" color="cyan">
         <name>.debug_aranges</name>
         <load_address>0x0</load_address>
         <run_address>0x0</run_address>
         <size>0x370</size>
         <contents>
            <object_component_ref idref="oc-2f"/>
            <object_component_ref idref="oc-33"/>
            <object_component_ref idref="oc-3a"/>
            <object_component_ref idref="oc-40"/>
            <object_component_ref idref="oc-46"/>
            <object_component_ref idref="oc-4c"/>
            <object_component_ref idref="oc-53"/>
            <object_component_ref idref="oc-5a"/>
            <object_component_ref idref="oc-5f"/>
            <object_component_ref idref="oc-64"/>
            <object_component_ref idref="oc-6b"/>
            <object_component_ref idref="oc-70"/>
            <object_component_ref idref="oc-26"/>
         </contents>
      </logical_group>
   </logical_group_list>
   <placement_map>
      <memory_area display="no" color="green">
         <name>BEGIN</name>
         <page_id>0x0</page_id>
         <origin>0x0</origin>
         <length>0x2</length>
         <used_space>0x2</used_space>
         <unused_space>0x0</unused_space>
         <attributes>RWIX</attributes>
         <usage_details>
            <allocated_space>
               <start_address>0x0</start_address>
               <size>0x2</size>
               <logical_group_ref idref="lg-2"/>
            </allocated_space>
         </usage_details>
      </memory_area>
      <memory_area display="yes" color="green">
         <name>RAMM0</name>
         <page_id>0x0</page_id>
         <origin>0x122</origin>
         <length>0x2de</length>
         <used_space>0x3f</used_space>
         <unused_space>0x29f</unused_space>
         <attributes>RWIX</attributes>
         <usage_details>
            <allocated_space>
               <start_address>0x122</start_address>
               <size>0x3b</size>
               <logical_group_ref idref="lg-4"/>
            </allocated_space>
            <allocated_space>
               <start_address>0x15d</start_address>
               <size>0x4</size>
               <logical_group_ref idref="lg-f"/>
            </allocated_space>
            <available_space>
               <start_address>0x161</start_address>
               <size>0x29f</size>
            </available_space>
         </usage_details>
      </memory_area>
      <memory_area display="yes" color="green">
         <name>RAMLS0</name>
         <page_id>0x0</page_id>
         <origin>0x8000</origin>
         <length>0x800</length>
         <used_space>0x565</used_space>
         <unused_space>0x29b</unused_space>
         <attributes>RWIX</attributes>
         <usage_details>
            <allocated_space>
               <start_address>0x8000</start_address>
               <size>0x565</size>
               <logical_group_ref idref="lg-c5"/>
            </allocated_space>
            <available_space>
               <start_address>0x8565</start_address>
               <size>0x29b</size>
            </available_space>
         </usage_details>
      </memory_area>
      <memory_area display="yes" color="green">
         <name>RAMLS1</name>
         <page_id>0x0</page_id>
         <origin>0x8800</origin>
         <length>0x800</length>
         <used_space>0x0</used_space>
         <unused_space>0x800</unused_space>
         <attributes>RWIX</attributes>
         <usage_details>
         </usage_details>
      </memory_area>
      <memory_area display="yes" color="green">
         <name>RAMLS2</name>
         <page_id>0x0</page_id>
         <origin>0x9000</origin>
         <length>0x800</length>
         <used_space>0x0</used_space>
         <unused_space>0x800</unused_space>
         <attributes>RWIX</attributes>
         <usage_details>
         </usage_details>
      </memory_area>
      <memory_area display="yes" color="green">
         <name>RAMLS3</name>
         <page_id>0x0</page_id>
         <origin>0x9800</origin>
         <length>0x800</length>
         <used_space>0x0</used_space>
         <unused_space>0x800</unused_space>
         <attributes>RWIX</attributes>
         <usage_details>
         </usage_details>
      </memory_area>
      <memory_area display="yes" color="green">
         <name>RAMLS4</name>
         <page_id>0x0</page_id>
         <origin>0xa000</origin>
         <length>0x800</length>
         <used_space>0x0</used_space>
         <unused_space>0x800</unused_space>
         <attributes>RWIX</attributes>
         <usage_details>
         </usage_details>
      </memory_area>
      <memory_area display="yes" color="green">
         <name>RAMD0</name>
         <page_id>0x0</page_id>
         <origin>0xb000</origin>
         <length>0x800</length>
         <used_space>0x800</used_space>
         <unused_space>0x0</unused_space>
         <attributes>RWIX</attributes>
         <usage_details>
            <allocated_space>
               <start_address>0xb000</start_address>
               <size>0x800</size>
               <logical_group_ref idref="lg-c6"/>
            </allocated_space>
         </usage_details>
      </memory_area>
      <memory_area display="no" color="green">
         <name>RESET</name>
         <page_id>0x0</page_id>
         <origin>0x3fffc0</origin>
         <length>0x2</length>
         <used_space>0x0</used_space>
         <unused_space>0x2</unused_space>
         <attributes>RWIX</attributes>
         <usage_details>
         </usage_details>
      </memory_area>
      <memory_area display="yes" color="green">
         <name>BOOT_RSVD</name>
         <page_id>0x1</page_id>
         <origin>0x2</origin>
         <length>0x120</length>
         <used_space>0x0</used_space>
         <unused_space>0x120</unused_space>
         <attributes>RWIX</attributes>
         <usage_details>
         </usage_details>
      </memory_area>
      <memory_area display="yes" color="green">
         <name>RAMM1</name>
         <page_id>0x1</page_id>
         <origin>0x400</origin>
         <length>0x400</length>
         <used_space>0x100</used_space>
         <unused_space>0x300</unused_space>
         <attributes>RWIX</attributes>
         <usage_details>
            <allocated_space>
               <start_address>0x400</start_address>
               <size>0x100</size>
               <logical_group_ref idref="lg-7"/>
            </allocated_space>
            <available_space>
               <start_address>0x500</start_address>
               <size>0x300</size>
            </available_space>
         </usage_details>
      </memory_area>
      <memory_area display="yes" color="green">
         <name>RAMLS5</name>
         <page_id>0x1</page_id>
         <origin>0xa800</origin>
         <length>0x800</length>
         <used_space>0x4cc</used_space>
         <unused_space>0x334</unused_space>
         <attributes>RWIX</attributes>
         <usage_details>
            <allocated_space>
               <start_address>0xa800</start_address>
               <size>0x3ae</size>
               <logical_group_ref idref="lg-a"/>
            </allocated_space>
            <allocated_space>
               <start_address>0xabae</start_address>
               <size>0x100</size>
               <logical_group_ref idref="lg-b"/>
            </allocated_space>
            <allocated_space>
               <start_address>0xacae</start_address>
               <size>0x1e</size>
               <logical_group_ref idref="lg-c7"/>
            </allocated_space>
            <available_space>
               <start_address>0xaccc</start_address>
               <size>0x334</size>
            </available_space>
         </usage_details>
      </memory_area>
      <memory_area display="yes" color="green">
         <name>RAMD1</name>
         <page_id>0x1</page_id>
         <origin>0xb800</origin>
         <length>0x800</length>
         <used_space>0x0</used_space>
         <unused_space>0x800</unused_space>
         <attributes>RWIX</attributes>
         <usage_details>
         </usage_details>
      </memory_area>
      <memory_area display="yes" color="green">
         <name>RAMGS0</name>
         <page_id>0x1</page_id>
         <origin>0xc000</origin>
         <length>0x1000</length>
         <used_space>0x0</used_space>
         <unused_space>0x1000</unused_space>
         <attributes>RWIX</attributes>
         <usage_details>
         </usage_details>
      </memory_area>
      <memory_area display="yes" color="green">
         <name>RAMGS1</name>
         <page_id>0x1</page_id>
         <origin>0xd000</origin>
         <length>0x1000</length>
         <used_space>0x0</used_space>
         <unused_space>0x1000</unused_space>
         <attributes>RWIX</attributes>
         <usage_details>
         </usage_details>
      </memory_area>
      <memory_area display="yes" color="green">
         <name>RAMGS2</name>
         <page_id>0x1</page_id>
         <origin>0xe000</origin>
         <length>0x1000</length>
         <used_space>0x0</used_space>
         <unused_space>0x1000</unused_space>
         <attributes>RWIX</attributes>
         <usage_details>
         </usage_details>
      </memory_area>
      <memory_area display="yes" color="green">
         <name>RAMGS3</name>
         <page_id>0x1</page_id>
         <origin>0xf000</origin>
         <length>0x1000</length>
         <used_space>0x0</used_space>
         <unused_space>0x1000</unused_space>
         <attributes>RWIX</attributes>
         <usage_details>
         </usage_details>
      </memory_area>
      <memory_area display="yes" color="green">
         <name>RAMGS4</name>
         <page_id>0x1</page_id>
         <origin>0x10000</origin>
         <length>0x1000</length>
         <used_space>0x0</used_space>
         <unused_space>0x1000</unused_space>
         <attributes>RWIX</attributes>
         <usage_details>
         </usage_details>
      </memory_area>
      <memory_area display="yes" color="green">
         <name>RAMGS5</name>
         <page_id>0x1</page_id>
         <origin>0x11000</origin>
         <length>0x1000</length>
         <used_space>0x0</used_space>
         <unused_space>0x1000</unused_space>
         <attributes>RWIX</attributes>
         <usage_details>
         </usage_details>
      </memory_area>
      <memory_area display="yes" color="green">
         <name>RAMGS6</name>
         <page_id>0x1</page_id>
         <origin>0x12000</origin>
         <length>0x1000</length>
         <used_space>0x0</used_space>
         <unused_space>0x1000</unused_space>
         <attributes>RWIX</attributes>
         <usage_details>
         </usage_details>
      </memory_area>
      <memory_area display="yes" color="green">
         <name>RAMGS7</name>
         <page_id>0x1</page_id>
         <origin>0x13000</origin>
         <length>0x1000</length>
         <used_space>0x0</used_space>
         <unused_space>0x1000</unused_space>
         <attributes>RWIX</attributes>
         <usage_details>
         </usage_details>
      </memory_area>
      <memory_area display="yes" color="green">
         <name>RAMGS8</name>
         <page_id>0x1</page_id>
         <origin>0x14000</origin>
         <length>0x1000</length>
         <used_space>0x0</used_space>
         <unused_space>0x1000</unused_space>
         <attributes>RWIX</attributes>
         <usage_details>
         </usage_details>
      </memory_area>
      <memory_area display="yes" color="green">
         <name>RAMGS9</name>
         <page_id>0x1</page_id>
         <origin>0x15000</origin>
         <length>0x1000</length>
         <used_space>0x0</used_space>
         <unused_space>0x1000</unused_space>
         <attributes>RWIX</attributes>
         <usage_details>
         </usage_details>
      </memory_area>
      <memory_area display="yes" color="green">
         <name>RAMGS10</name>
         <page_id>0x1</page_id>
         <origin>0x16000</origin>
         <length>0x1000</length>
         <used_space>0x0</used_space>
         <unused_space>0x1000</unused_space>
         <attributes>RWIX</attributes>
         <usage_details>
         </usage_details>
      </memory_area>
      <memory_area display="yes" color="green">
         <name>RAMGS11</name>
         <page_id>0x1</page_id>
         <origin>0x17000</origin>
         <length>0x1000</length>
         <used_space>0x400</used_space>
         <unused_space>0xc00</unused_space>
         <attributes>RWIX</attributes>
         <usage_details>
            <allocated_space>
               <start_address>0x17000</start_address>
               <size>0x400</size>
               <logical_group_ref idref="lg-c8"/>
            </allocated_space>
            <available_space>
               <start_address>0x17400</start_address>
               <size>0xc00</size>
            </available_space>
         </usage_details>
      </memory_area>
      <memory_area display="yes" color="green">
         <name>RAMGS12</name>
         <page_id>0x1</page_id>
         <origin>0x18000</origin>
         <length>0x1000</length>
         <used_space>0x0</used_space>
         <unused_space>0x1000</unused_space>
         <attributes>RWIX</attributes>
         <usage_details>
         </usage_details>
      </memory_area>
      <memory_area display="yes" color="green">
         <name>RAMGS13</name>
         <page_id>0x1</page_id>
         <origin>0x19000</origin>
         <length>0x1000</length>
         <used_space>0x0</used_space>
         <unused_space>0x1000</unused_space>
         <attributes>RWIX</attributes>
         <usage_details>
         </usage_details>
      </memory_area>
      <memory_area display="yes" color="green">
         <name>RAMGS14</name>
         <page_id>0x1</page_id>
         <origin>0x1a000</origin>
         <length>0x1000</length>
         <used_space>0x0</used_space>
         <unused_space>0x1000</unused_space>
         <attributes>RWIX</attributes>
         <usage_details>
         </usage_details>
      </memory_area>
      <memory_area display="yes" color="green">
         <name>RAMGS15</name>
         <page_id>0x1</page_id>
         <origin>0x1b000</origin>
         <length>0x1000</length>
         <used_space>0x0</used_space>
         <unused_space>0x1000</unused_space>
         <attributes>RWIX</attributes>
         <usage_details>
         </usage_details>
      </memory_area>
      <memory_area display="yes" color="green">
         <name>CPU2TOCPU1RAM</name>
         <page_id>0x1</page_id>
         <origin>0x3f800</origin>
         <length>0x400</length>
         <used_space>0x0</used_space>
         <unused_space>0x400</unused_space>
         <attributes>RWIX</attributes>
         <usage_details>
         </usage_details>
      </memory_area>
      <memory_area display="yes" color="green">
         <name>CPU1TOCPU2RAM</name>
         <page_id>0x1</page_id>
         <origin>0x3fc00</origin>
         <length>0x400</length>
         <used_space>0x0</used_space>
         <unused_space>0x400</unused_space>
         <attributes>RWIX</attributes>
         <usage_details>
         </usage_details>
      </memory_area>
      <memory_area display="yes" color="green">
         <name>CANA_MSG_RAM</name>
         <page_id>0x1</page_id>
         <origin>0x49000</origin>
         <length>0x800</length>
         <used_space>0x0</used_space>
         <unused_space>0x800</unused_space>
         <attributes>RWIX</attributes>
         <usage_details>
         </usage_details>
      </memory_area>
      <memory_area display="yes" color="green">
         <name>CANB_MSG_RAM</name>
         <page_id>0x1</page_id>
         <origin>0x4b000</origin>
         <length>0x800</length>
         <used_space>0x0</used_space>
         <unused_space>0x800</unused_space>
         <attributes>RWIX</attributes>
         <usage_details>
         </usage_details>
      </memory_area>
   </placement_map>
   <symbol_table>
      <symbol id="sm-0">
         <name>cinit</name>
         <value>0x122</value>
      </symbol>
      <symbol id="sm-1">
         <name>___cinit__</name>
         <value>0x122</value>
      </symbol>
      <symbol id="sm-2">
         <name>pinit</name>
         <value>0xffffffff</value>
      </symbol>
      <symbol id="sm-3">
         <name>___pinit__</name>
         <value>0xffffffff</value>
      </symbol>
      <symbol id="sm-4">
         <name>binit</name>
         <value>0xffffffff</value>
      </symbol>
      <symbol id="sm-5">
         <name>___binit__</name>
         <value>0xffffffff</value>
      </symbol>
      <symbol id="sm-6">
         <name>__STACK_SIZE</name>
         <value>0x100</value>
      </symbol>
      <symbol id="sm-7">
         <name>__STACK_END</name>
         <value>0x500</value>
      </symbol>
      <symbol id="sm-8">
         <name>__SYSMEM_SIZE</name>
         <value>0x100</value>
      </symbol>
      <symbol id="sm-9">
         <name>___c_args__</name>
         <value>0xffffffff</value>
      </symbol>
      <symbol id="sm-a">
         <name>.text</name>
         <value>0xffffffff</value>
      </symbol>
      <symbol id="sm-b">
         <name>___text__</name>
         <value>0xffffffff</value>
      </symbol>
      <symbol id="sm-c">
         <name>etext</name>
         <value>0xffffffff</value>
      </symbol>
      <symbol id="sm-d">
         <name>___etext__</name>
         <value>0xffffffff</value>
      </symbol>
      <symbol id="sm-e">
         <name>___TI_pprof_out_hndl</name>
         <value>0xffffffff</value>
      </symbol>
      <symbol id="sm-f">
         <name>___TI_prof_data_start</name>
         <value>0xffffffff</value>
      </symbol>
      <symbol id="sm-10">
         <name>___TI_prof_data_size</name>
         <value>0xffffffff</value>
      </symbol>
      <symbol id="sm-9a">
         <name>__system_pre_init</name>
         <value>0x8561</value>
         <object_component_ref idref="oc-78"/>
      </symbol>
      <symbol id="sm-9b">
         <name>__ctypes_</name>
         <value>0xa800</value>
         <object_component_ref idref="oc-75"/>
      </symbol>
      <symbol id="sm-9c">
         <name>_copy_in</name>
         <value>0x83c9</value>
         <object_component_ref idref="oc-79"/>
      </symbol>
      <symbol id="sm-9d">
         <name>__sys_memory</name>
         <value>0xabae</value>
         <object_component_ref idref="oc-22"/>
      </symbol>
      <symbol id="sm-9e">
         <name>__lock</name>
         <value>0xabac</value>
         <object_component_ref idref="oc-91"/>
      </symbol>
      <symbol id="sm-9f">
         <name>_memalign</name>
         <value>0xb6b5</value>
         <object_component_ref idref="oc-72"/>
      </symbol>
      <symbol id="sm-a0">
         <name>__nop</name>
         <value>0x8563</value>
         <object_component_ref idref="oc-9d"/>
      </symbol>
      <symbol id="sm-a1">
         <name>_malloc</name>
         <value>0xb62b</value>
         <object_component_ref idref="oc-72"/>
      </symbol>
      <symbol id="sm-a2">
         <name>_aligned_alloc</name>
         <value>0xb6b5</value>
         <object_component_ref idref="oc-72"/>
      </symbol>
      <symbol id="sm-a3">
         <name>_memcpy</name>
         <value>0x844e</value>
         <object_component_ref idref="oc-90"/>
      </symbol>
      <symbol id="sm-d4">
         <name>_main</name>
         <value>0xb491</value>
         <object_component_ref idref="oc-76"/>
      </symbol>
      <symbol id="sm-d5">
         <name>_msg2</name>
         <value>0xacb8</value>
         <object_component_ref idref="oc-29"/>
      </symbol>
      <symbol id="sm-d6">
         <name>_msg3</name>
         <value>0xacba</value>
         <object_component_ref idref="oc-29"/>
      </symbol>
      <symbol id="sm-d7">
         <name>_msg1</name>
         <value>0xacb6</value>
         <object_component_ref idref="oc-29"/>
      </symbol>
      <symbol id="sm-d8">
         <name>_receivedChar</name>
         <value>0xacaf</value>
         <object_component_ref idref="oc-29"/>
      </symbol>
      <symbol id="sm-d9">
         <name>_error</name>
         <value>0xb4e8</value>
         <object_component_ref idref="oc-76"/>
      </symbol>
      <symbol id="sm-da">
         <name>_scibTXFIFOISR</name>
         <value>0xb4ea</value>
         <object_component_ref idref="oc-2a"/>
      </symbol>
      <symbol id="sm-db">
         <name>_rcvdArray</name>
         <value>0x17000</value>
         <object_component_ref idref="oc-73"/>
      </symbol>
      <symbol id="sm-dc">
         <name>_scibRXFIFOISR</name>
         <value>0xb522</value>
         <object_component_ref idref="oc-2a"/>
      </symbol>
      <symbol id="sm-dd">
         <name>_initSCIBFIFO</name>
         <value>0xb38f</value>
         <object_component_ref idref="oc-76"/>
      </symbol>
      <symbol id="sm-de">
         <name>_j</name>
         <value>0xacb2</value>
         <object_component_ref idref="oc-29"/>
      </symbol>
      <symbol id="sm-df">
         <name>_i</name>
         <value>0xacb3</value>
         <object_component_ref idref="oc-29"/>
      </symbol>
      <symbol id="sm-e0">
         <name>_d</name>
         <value>0xacb0</value>
         <object_component_ref idref="oc-29"/>
      </symbol>
      <symbol id="sm-e1">
         <name>_c</name>
         <value>0xacb1</value>
         <object_component_ref idref="oc-29"/>
      </symbol>
      <symbol id="sm-e2">
         <name>_count</name>
         <value>0xacb4</value>
         <object_component_ref idref="oc-29"/>
      </symbol>
      <symbol id="sm-e3">
         <name>_loopCounter</name>
         <value>0xacae</value>
         <object_component_ref idref="oc-29"/>
      </symbol>
      <symbol id="sm-f0">
         <name>code_start</name>
         <value>0x0</value>
         <object_component_ref idref="oc-1e"/>
      </symbol>
      <symbol id="sm-105">
         <name>_Example_done</name>
         <value>0xb22c</value>
         <object_component_ref idref="oc-77"/>
      </symbol>
      <symbol id="sm-106">
         <name>_Example_Fail</name>
         <value>0xacc4</value>
         <object_component_ref idref="oc-36"/>
      </symbol>
      <symbol id="sm-107">
         <name>_Device_initGPIO</name>
         <value>0xb297</value>
         <object_component_ref idref="oc-77"/>
      </symbol>
      <symbol id="sm-108">
         <name>_Example_setResultPass</name>
         <value>0xb222</value>
         <object_component_ref idref="oc-77"/>
      </symbol>
      <symbol id="sm-109">
         <name>___error__</name>
         <value>0xb21f</value>
         <object_component_ref idref="oc-77"/>
      </symbol>
      <symbol id="sm-10a">
         <name>_Example_Result</name>
         <value>0xacc0</value>
         <object_component_ref idref="oc-36"/>
      </symbol>
      <symbol id="sm-10b">
         <name>_Example_setResultFail</name>
         <value>0xb227</value>
         <object_component_ref idref="oc-77"/>
      </symbol>
      <symbol id="sm-10c">
         <name>_Device_enableUnbondedGPIOPullupsFor176Pin</name>
         <value>0xb22d</value>
         <object_component_ref idref="oc-77"/>
      </symbol>
      <symbol id="sm-10d">
         <name>_Device_enableUnbondedGPIOPullups</name>
         <value>0xb26f</value>
         <object_component_ref idref="oc-77"/>
      </symbol>
      <symbol id="sm-10e">
         <name>_Device_init</name>
         <value>0xb354</value>
         <object_component_ref idref="oc-77"/>
      </symbol>
      <symbol id="sm-10f">
         <name>_Example_PassCount</name>
         <value>0xacc2</value>
         <object_component_ref idref="oc-36"/>
      </symbol>
      <symbol id="sm-110">
         <name>_Device_enableUnbondedGPIOPullupsFor100Pin</name>
         <value>0xb248</value>
         <object_component_ref idref="oc-77"/>
      </symbol>
      <symbol id="sm-111">
         <name>_Device_enableAllPeripherals</name>
         <value>0xb2b5</value>
         <object_component_ref idref="oc-77"/>
      </symbol>
      <symbol id="sm-13a">
         <name>_GPIO_setMasterCore</name>
         <value>0xb7c8</value>
         <object_component_ref idref="oc-85"/>
      </symbol>
      <symbol id="sm-13b">
         <name>_GPIO_setPinConfig</name>
         <value>0x8304</value>
         <object_component_ref idref="oc-86"/>
      </symbol>
      <symbol id="sm-13c">
         <name>_GPIO_setDirectionMode</name>
         <value>0x836f</value>
         <object_component_ref idref="oc-87"/>
      </symbol>
      <symbol id="sm-13d">
         <name>_GPIO_setQualificationMode</name>
         <value>0x82cc</value>
         <object_component_ref idref="oc-89"/>
      </symbol>
      <symbol id="sm-13e">
         <name>_GPIO_setPadConfig</name>
         <value>0x8056</value>
         <object_component_ref idref="oc-88"/>
      </symbol>
      <symbol id="sm-16f">
         <name>_Interrupt_enable</name>
         <value>0x833b</value>
         <object_component_ref idref="oc-8c"/>
      </symbol>
      <symbol id="sm-170">
         <name>_Interrupt_initVectorTable</name>
         <value>0x840f</value>
         <object_component_ref idref="oc-8b"/>
      </symbol>
      <symbol id="sm-171">
         <name>_Interrupt_initModule</name>
         <value>0x8254</value>
         <object_component_ref idref="oc-8a"/>
      </symbol>
      <symbol id="sm-1c5">
         <name>_SCI_enableInterrupt</name>
         <value>0x81d2</value>
         <object_component_ref idref="oc-83"/>
      </symbol>
      <symbol id="sm-1c6">
         <name>_SCI_clearInterruptStatus</name>
         <value>0x8146</value>
         <object_component_ref idref="oc-71"/>
      </symbol>
      <symbol id="sm-1c7">
         <name>_SCI_setConfig</name>
         <value>0x8216</value>
         <object_component_ref idref="oc-82"/>
      </symbol>
      <symbol id="sm-1c8">
         <name>_SCI_disableInterrupt</name>
         <value>0x818c</value>
         <object_component_ref idref="oc-84"/>
      </symbol>
      <symbol id="sm-1c9">
         <name>_SCI_readCharArray</name>
         <value>0x8291</value>
         <object_component_ref idref="oc-74"/>
      </symbol>
      <symbol id="sm-212">
         <name>_SysCtl_delay</name>
         <value>0x15d</value>
         <object_component_ref idref="oc-4e"/>
      </symbol>
      <symbol id="sm-213">
         <name>_SysCtl_selectOscSource</name>
         <value>0x80f9</value>
         <object_component_ref idref="oc-9b"/>
      </symbol>
      <symbol id="sm-214">
         <name>_SysCtl_setClock</name>
         <value>0xb000</value>
         <object_component_ref idref="oc-8d"/>
      </symbol>
      <symbol id="sm-215">
         <name>_SysCtl_getLowSpeedClock</name>
         <value>0x8485</value>
         <object_component_ref idref="oc-8f"/>
      </symbol>
      <symbol id="sm-216">
         <name>_SysCtl_getClock</name>
         <value>0x80a8</value>
         <object_component_ref idref="oc-8e"/>
      </symbol>
      <symbol id="sm-231">
         <name>_c_int00</name>
         <value>0x8000</value>
         <object_component_ref idref="oc-54"/>
      </symbol>
      <symbol id="sm-232">
         <name>__stack</name>
         <value>0x400</value>
         <object_component_ref idref="oc-55"/>
      </symbol>
      <symbol id="sm-243">
         <name>FS$$DIV</name>
         <value>0xb740</value>
         <object_component_ref idref="oc-5b"/>
      </symbol>
      <symbol id="sm-250">
         <name>__system_post_cinit</name>
         <value>0x8564</value>
         <object_component_ref idref="oc-7a"/>
      </symbol>
      <symbol id="sm-264">
         <name>C$$EXIT</name>
         <value>0x83a0</value>
         <object_component_ref idref="oc-7c"/>
      </symbol>
      <symbol id="sm-265">
         <name>_exit</name>
         <value>0x83a2</value>
         <object_component_ref idref="oc-7c"/>
      </symbol>
      <symbol id="sm-266">
         <name>___TI_cleanup_ptr</name>
         <value>0xacc8</value>
         <object_component_ref idref="oc-67"/>
      </symbol>
      <symbol id="sm-267">
         <name>___TI_enable_exit_profile_output</name>
         <value>0xacc6</value>
         <object_component_ref idref="oc-67"/>
      </symbol>
      <symbol id="sm-268">
         <name>_abort</name>
         <value>0x83a0</value>
         <object_component_ref idref="oc-7c"/>
      </symbol>
      <symbol id="sm-269">
         <name>___TI_dtors_ptr</name>
         <value>0xacca</value>
         <object_component_ref idref="oc-67"/>
      </symbol>
      <symbol id="sm-278">
         <name>__args_main</name>
         <value>0x84d1</value>
         <object_component_ref idref="oc-7b"/>
      </symbol>
   </symbol_table>
   <title>Link successful</title>
</link_info>
