<?xml version="1.0" encoding="ISO-8859-1" ?>
<link_info>
   <banner>TMS320C2000 Linker PC v18.12.1.LTS</banner>
   <copyright>Copyright (c) 1996-2018 Texas Instruments Incorporated</copyright>
   <link_time>0x5d20d6fd</link_time>
   <link_errors>0x0</link_errors>
   <output_file>sci_ex3_echoback.out</output_file>
   <entry_point>
      <name>code_start</name>
      <address>0x0</address>
   </entry_point>
   <input_file_list>
      <input_file id="fl-2">
         <path>.\</path>
         <kind>object</kind>
         <file>sci_ex3_echoback.obj</file>
         <name>sci_ex3_echoback.obj</name>
      </input_file>
      <input_file id="fl-3">
         <path>.\device\</path>
         <kind>object</kind>
         <file>F2837xD_CodeStartBranch.obj</file>
         <name>F2837xD_CodeStartBranch.obj</name>
      </input_file>
      <input_file id="fl-4">
         <path>.\device\</path>
         <kind>object</kind>
         <file>device.obj</file>
         <name>device.obj</name>
      </input_file>
      <input_file id="fl-9">
         <kind>object</kind>
         <file>&lt;internal&gt;</file>
         <name>&lt;internal&gt;</name>
      </input_file>
      <input_file id="fl-d">
         <path>C:\ti\C2000Ware_2_00_00_02_Software\driverlib\f2837xd\driverlib\ccs\Debug\</path>
         <kind>archive</kind>
         <file>driverlib_coff.lib</file>
         <name>gpio.obj</name>
      </input_file>
      <input_file id="fl-e">
         <path>C:\ti\C2000Ware_2_00_00_02_Software\driverlib\f2837xd\driverlib\ccs\Debug\</path>
         <kind>archive</kind>
         <file>driverlib_coff.lib</file>
         <name>interrupt.obj</name>
      </input_file>
      <input_file id="fl-f">
         <path>C:\ti\C2000Ware_2_00_00_02_Software\driverlib\f2837xd\driverlib\ccs\Debug\</path>
         <kind>archive</kind>
         <file>driverlib_coff.lib</file>
         <name>sci.obj</name>
      </input_file>
      <input_file id="fl-10">
         <path>C:\ti\C2000Ware_2_00_00_02_Software\driverlib\f2837xd\driverlib\ccs\Debug\</path>
         <kind>archive</kind>
         <file>driverlib_coff.lib</file>
         <name>sysctl.obj</name>
      </input_file>
      <input_file id="fl-1c">
         <path>C:\ti\ccs901\ccs\tools\compiler\ti-cgt-c2000_18.12.1.LTS\lib\</path>
         <kind>archive</kind>
         <file>rts2800_fpu32.lib</file>
         <name>boot28.asm.obj</name>
      </input_file>
      <input_file id="fl-1d">
         <path>C:\ti\ccs901\ccs\tools\compiler\ti-cgt-c2000_18.12.1.LTS\lib\</path>
         <kind>archive</kind>
         <file>rts2800_fpu32.lib</file>
         <name>fs_div28.asm.obj</name>
      </input_file>
      <input_file id="fl-1e">
         <path>C:\ti\ccs901\ccs\tools\compiler\ti-cgt-c2000_18.12.1.LTS\lib\</path>
         <kind>archive</kind>
         <file>rts2800_fpu32.lib</file>
         <name>cpy_tbl.c.obj</name>
      </input_file>
      <input_file id="fl-1f">
         <path>C:\ti\ccs901\ccs\tools\compiler\ti-cgt-c2000_18.12.1.LTS\lib\</path>
         <kind>archive</kind>
         <file>rts2800_fpu32.lib</file>
         <name>memcpy.c.obj</name>
      </input_file>
      <input_file id="fl-20">
         <path>C:\ti\ccs901\ccs\tools\compiler\ti-cgt-c2000_18.12.1.LTS\lib\</path>
         <kind>archive</kind>
         <file>rts2800_fpu32.lib</file>
         <name>pre_init.c.obj</name>
      </input_file>
      <input_file id="fl-21">
         <path>C:\ti\ccs901\ccs\tools\compiler\ti-cgt-c2000_18.12.1.LTS\lib\</path>
         <kind>archive</kind>
         <file>rts2800_fpu32.lib</file>
         <name>startup.c.obj</name>
      </input_file>
      <input_file id="fl-22">
         <path>C:\ti\ccs901\ccs\tools\compiler\ti-cgt-c2000_18.12.1.LTS\lib\</path>
         <kind>archive</kind>
         <file>rts2800_fpu32.lib</file>
         <name>exit.c.obj</name>
      </input_file>
      <input_file id="fl-23">
         <path>C:\ti\ccs901\ccs\tools\compiler\ti-cgt-c2000_18.12.1.LTS\lib\</path>
         <kind>archive</kind>
         <file>rts2800_fpu32.lib</file>
         <name>_lock.c.obj</name>
      </input_file>
      <input_file id="fl-24">
         <path>C:\ti\ccs901\ccs\tools\compiler\ti-cgt-c2000_18.12.1.LTS\lib\</path>
         <kind>archive</kind>
         <file>rts2800_fpu32.lib</file>
         <name>args_main.c.obj</name>
      </input_file>
   </input_file_list>
   <object_component_list>
      <object_component id="oc-1e">
         <name>codestart</name>
         <load_address>0x0</load_address>
         <run_address>0x0</run_address>
         <size>0x2</size>
         <input_file_ref idref="fl-3"/>
      </object_component>
      <object_component id="oc-90">
         <name>.text:_SCI_writeCharArray</name>
         <load_address>0x8000</load_address>
         <run_address>0x8000</run_address>
         <size>0x41</size>
         <input_file_ref idref="fl-f"/>
      </object_component>
      <object_component id="oc-8e">
         <name>.text:_SCI_setConfig</name>
         <load_address>0x8041</load_address>
         <run_address>0x8041</run_address>
         <size>0x3e</size>
         <input_file_ref idref="fl-f"/>
      </object_component>
      <object_component id="oc-8c">
         <name>.text:_Interrupt_initModule</name>
         <load_address>0x807f</load_address>
         <run_address>0x807f</run_address>
         <size>0x3d</size>
         <input_file_ref idref="fl-e"/>
      </object_component>
      <object_component id="oc-8b">
         <name>.text:_GPIO_setQualificationMode</name>
         <load_address>0x80bc</load_address>
         <run_address>0x80bc</run_address>
         <size>0x38</size>
         <input_file_ref idref="fl-d"/>
      </object_component>
      <object_component id="oc-88">
         <name>.text:_GPIO_setPinConfig</name>
         <load_address>0x80f4</load_address>
         <run_address>0x80f4</run_address>
         <size>0x37</size>
         <input_file_ref idref="fl-d"/>
      </object_component>
      <object_component id="oc-89">
         <name>.text:_GPIO_setDirectionMode</name>
         <load_address>0x812b</load_address>
         <run_address>0x812b</run_address>
         <size>0x31</size>
         <input_file_ref idref="fl-d"/>
      </object_component>
      <object_component id="oc-81">
         <name>.text</name>
         <load_address>0x815c</load_address>
         <run_address>0x815c</run_address>
         <size>0x29</size>
         <input_file_ref idref="fl-22"/>
      </object_component>
      <object_component id="oc-7e">
         <name>.text</name>
         <load_address>0x8185</load_address>
         <run_address>0x8185</run_address>
         <size>0x24</size>
         <input_file_ref idref="fl-1e"/>
      </object_component>
      <object_component id="oc-9f">
         <name>.text:_SCI_isFIFOEnabled</name>
         <load_address>0x81a9</load_address>
         <run_address>0x81a9</run_address>
         <size>0x22</size>
         <input_file_ref idref="fl-f"/>
      </object_component>
      <object_component id="oc-8d">
         <name>.text:_Interrupt_initVectorTable</name>
         <load_address>0x81cb</load_address>
         <run_address>0x81cb</run_address>
         <size>0x20</size>
         <input_file_ref idref="fl-e"/>
      </object_component>
      <object_component id="oc-9b">
         <name>.text:_SCI_isBaseValid</name>
         <load_address>0x81eb</load_address>
         <run_address>0x81eb</run_address>
         <size>0x1f</size>
         <input_file_ref idref="fl-f"/>
      </object_component>
      <object_component id="oc-82">
         <name>.text</name>
         <load_address>0x820a</load_address>
         <run_address>0x820a</run_address>
         <size>0x1d</size>
         <input_file_ref idref="fl-1f"/>
      </object_component>
      <object_component id="oc-a1">
         <name>.text:_SCI_isSpaceAvailableNonFIFO</name>
         <load_address>0x8227</load_address>
         <run_address>0x8227</run_address>
         <size>0x1b</size>
         <input_file_ref idref="fl-f"/>
      </object_component>
      <object_component id="oc-95">
         <name>.text:_SysCtl_getLowSpeedClock</name>
         <load_address>0x8242</load_address>
         <run_address>0x8242</run_address>
         <size>0x1a</size>
         <input_file_ref idref="fl-10"/>
      </object_component>
      <object_component id="oc-9c">
         <name>.text:_SCI_disableModule</name>
         <load_address>0x825c</load_address>
         <run_address>0x825c</run_address>
         <size>0x19</size>
         <input_file_ref idref="fl-f"/>
      </object_component>
      <object_component id="oc-9e">
         <name>.text:_SCI_performSoftwareReset</name>
         <load_address>0x8275</load_address>
         <run_address>0x8275</run_address>
         <size>0x19</size>
         <input_file_ref idref="fl-f"/>
      </object_component>
      <object_component id="oc-80">
         <name>.text</name>
         <load_address>0x828e</load_address>
         <run_address>0x828e</run_address>
         <size>0x19</size>
         <input_file_ref idref="fl-24"/>
      </object_component>
      <object_component id="oc-a0">
         <name>.text:_SCI_getTxFIFOStatus</name>
         <load_address>0x82a7</load_address>
         <run_address>0x82a7</run_address>
         <size>0x15</size>
         <input_file_ref idref="fl-f"/>
      </object_component>
      <object_component id="oc-9d">
         <name>.text:_SCI_enableModule</name>
         <load_address>0x82bc</load_address>
         <run_address>0x82bc</run_address>
         <size>0x14</size>
         <input_file_ref idref="fl-f"/>
      </object_component>
      <object_component id="oc-96">
         <name>.text:_GPIO_isPinValid</name>
         <load_address>0x82d0</load_address>
         <run_address>0x82d0</run_address>
         <size>0xe</size>
         <input_file_ref idref="fl-d"/>
      </object_component>
      <object_component id="oc-98">
         <name>.text:_Interrupt_defaultHandler</name>
         <load_address>0x82de</load_address>
         <run_address>0x82de</run_address>
         <size>0xe</size>
         <input_file_ref idref="fl-e"/>
      </object_component>
      <object_component id="oc-97">
         <name>.text:_Interrupt_disableMaster</name>
         <load_address>0x82ec</load_address>
         <run_address>0x82ec</run_address>
         <size>0xd</size>
         <input_file_ref idref="fl-e"/>
      </object_component>
      <object_component id="oc-a3">
         <name>.text:_SysCtl_isMCDClockFailureDetected</name>
         <load_address>0x82f9</load_address>
         <run_address>0x82f9</run_address>
         <size>0xb</size>
         <input_file_ref idref="fl-10"/>
      </object_component>
      <object_component id="oc-a5">
         <name>.text:_SysCtl_serviceWatchdog</name>
         <load_address>0x8304</load_address>
         <run_address>0x8304</run_address>
         <size>0x9</size>
         <input_file_ref idref="fl-10"/>
      </object_component>
      <object_component id="oc-91">
         <name>.text</name>
         <load_address>0x830d</load_address>
         <run_address>0x830d</run_address>
         <size>0x9</size>
         <input_file_ref idref="fl-23"/>
      </object_component>
      <object_component id="oc-9a">
         <name>.text:_Interrupt_illegalOperationHandler</name>
         <load_address>0x8316</load_address>
         <run_address>0x8316</run_address>
         <size>0x2</size>
         <input_file_ref idref="fl-e"/>
      </object_component>
      <object_component id="oc-99">
         <name>.text:_Interrupt_nmiHandler</name>
         <load_address>0x8318</load_address>
         <run_address>0x8318</run_address>
         <size>0x2</size>
         <input_file_ref idref="fl-e"/>
      </object_component>
      <object_component id="oc-7d">
         <name>.text</name>
         <load_address>0x831a</load_address>
         <run_address>0x831a</run_address>
         <size>0x2</size>
         <input_file_ref idref="fl-20"/>
      </object_component>
      <object_component id="oc-93">
         <name>.text:_SysCtl_setClock</name>
         <load_address>0xb000</load_address>
         <run_address>0xb000</run_address>
         <size>0x21f</size>
         <input_file_ref idref="fl-10"/>
      </object_component>
      <object_component id="oc-86">
         <name>.text</name>
         <load_address>0xb21f</load_address>
         <run_address>0xb21f</run_address>
         <size>0x1e7</size>
         <input_file_ref idref="fl-4"/>
      </object_component>
      <object_component id="oc-83">
         <name>.text</name>
         <load_address>0xb406</load_address>
         <run_address>0xb406</run_address>
         <size>0x1ad</size>
         <input_file_ref idref="fl-2"/>
      </object_component>
      <object_component id="oc-53">
         <name>.text</name>
         <load_address>0xb5b3</load_address>
         <run_address>0xb5b3</run_address>
         <size>0x88</size>
         <input_file_ref idref="fl-1d"/>
      </object_component>
      <object_component id="oc-4c">
         <name>.text</name>
         <load_address>0xb63b</load_address>
         <run_address>0xb63b</run_address>
         <size>0x56</size>
         <input_file_ref idref="fl-1c"/>
      </object_component>
      <object_component id="oc-8a">
         <name>.text:_GPIO_setPadConfig</name>
         <load_address>0xb691</load_address>
         <run_address>0xb691</run_address>
         <size>0x52</size>
         <input_file_ref idref="fl-d"/>
      </object_component>
      <object_component id="oc-94">
         <name>.text:_SysCtl_getClock</name>
         <load_address>0xb6e3</load_address>
         <run_address>0xb6e3</run_address>
         <size>0x51</size>
         <input_file_ref idref="fl-10"/>
      </object_component>
      <object_component id="oc-a4">
         <name>.text:_SysCtl_selectOscSource</name>
         <load_address>0xb734</load_address>
         <run_address>0xb734</run_address>
         <size>0x4d</size>
         <input_file_ref idref="fl-10"/>
      </object_component>
      <object_component id="oc-8f">
         <name>.text:_SCI_clearInterruptStatus</name>
         <load_address>0xb781</load_address>
         <run_address>0xb781</run_address>
         <size>0x46</size>
         <input_file_ref idref="fl-f"/>
      </object_component>
      <object_component id="oc-87">
         <name>.text:_GPIO_setMasterCore</name>
         <load_address>0xb7c7</load_address>
         <run_address>0xb7c7</run_address>
         <size>0x38</size>
         <input_file_ref idref="fl-d"/>
      </object_component>
      <object_component id="oc-7f">
         <name>.text</name>
         <load_address>0xb7ff</load_address>
         <run_address>0xb7ff</run_address>
         <size>0x1</size>
         <input_file_ref idref="fl-21"/>
      </object_component>
      <object_component id="oc-2c">
         <name>.cinit</name>
         <load_address>0x122</load_address>
         <run_address>0x122</run_address>
         <size>0xf</size>
         <input_file_ref idref="fl-4"/>
      </object_component>
      <object_component id="oc-6d">
         <name>.cinit</name>
         <load_address>0x131</load_address>
         <run_address>0x131</run_address>
         <size>0xe</size>
         <input_file_ref idref="fl-22"/>
      </object_component>
      <object_component id="oc-85">
         <name>.cinit:__lock</name>
         <load_address>0x13f</load_address>
         <run_address>0x13f</run_address>
         <size>0x5</size>
         <input_file_ref idref="fl-23"/>
      </object_component>
      <object_component id="oc-92">
         <name>.cinit:__unlock</name>
         <load_address>0x144</load_address>
         <run_address>0x144</run_address>
         <size>0x5</size>
         <input_file_ref idref="fl-23"/>
      </object_component>
      <object_component id="oc-20">
         <name>.cinit</name>
         <load_address>0x149</load_address>
         <run_address>0x149</run_address>
         <size>0x4</size>
         <input_file_ref idref="fl-2"/>
      </object_component>
      <object_component id="oc-4e">
         <name>.reset</name>
         <load_address>0x3fffc0</load_address>
         <run_address>0x3fffc0</run_address>
         <size>0x2</size>
         <input_file_ref idref="fl-1c"/>
      </object_component>
      <object_component id="oc-4d">
         <name>.stack</name>
         <uninitialized>true</uninitialized>
         <run_address>0x400</run_address>
         <size>0x0</size>
         <input_file_ref idref="fl-1c"/>
      </object_component>
      <object_component id="oc-cb">
         <name>.stack</name>
         <uninitialized>true</uninitialized>
         <run_address>0x400</run_address>
         <size>0x0</size>
      </object_component>
      <object_component id="oc-21">
         <name>.ebss</name>
         <uninitialized>true</uninitialized>
         <run_address>0xab42</run_address>
         <size>0x1</size>
         <input_file_ref idref="fl-2"/>
      </object_component>
      <object_component id="oc-2d">
         <name>.ebss</name>
         <uninitialized>true</uninitialized>
         <run_address>0xab32</run_address>
         <size>0x6</size>
         <input_file_ref idref="fl-4"/>
      </object_component>
      <object_component id="oc-6e">
         <name>.ebss</name>
         <uninitialized>true</uninitialized>
         <run_address>0xab38</run_address>
         <size>0x6</size>
         <input_file_ref idref="fl-22"/>
      </object_component>
      <object_component id="oc-84">
         <name>.ebss:__lock</name>
         <uninitialized>true</uninitialized>
         <run_address>0xab3e</run_address>
         <size>0x2</size>
         <input_file_ref idref="fl-23"/>
      </object_component>
      <object_component id="oc-a2">
         <name>.ebss:__unlock</name>
         <uninitialized>true</uninitialized>
         <run_address>0xab40</run_address>
         <size>0x2</size>
         <input_file_ref idref="fl-23"/>
      </object_component>
      <object_component id="oc-34">
         <name>.econst:.string</name>
         <load_address>0xa800</load_address>
         <run_address>0xa800</run_address>
         <size>0xc8</size>
         <input_file_ref idref="fl-d"/>
      </object_component>
      <object_component id="oc-40">
         <name>.econst:.string</name>
         <load_address>0xa8c8</load_address>
         <run_address>0xa8c8</run_address>
         <size>0xc7</size>
         <input_file_ref idref="fl-f"/>
      </object_component>
      <object_component id="oc-22">
         <name>.econst:.string</name>
         <load_address>0xa990</load_address>
         <run_address>0xa990</run_address>
         <size>0xbe</size>
         <input_file_ref idref="fl-2"/>
      </object_component>
      <object_component id="oc-3a">
         <name>.econst:.string</name>
         <load_address>0xaa4e</load_address>
         <run_address>0xaa4e</run_address>
         <size>0x69</size>
         <input_file_ref idref="fl-e"/>
      </object_component>
      <object_component id="oc-47">
         <name>.econst:.string</name>
         <load_address>0xaab8</load_address>
         <run_address>0xaab8</run_address>
         <size>0x66</size>
         <input_file_ref idref="fl-10"/>
      </object_component>
      <object_component id="oc-2e">
         <name>.econst:.string</name>
         <load_address>0xab1e</load_address>
         <run_address>0xab1e</run_address>
         <size>0x13</size>
         <input_file_ref idref="fl-4"/>
      </object_component>
      <object_component id="oc-46">
         <name>.TI.ramfunc</name>
         <load_address>0x14f</load_address>
         <run_address>0x14f</run_address>
         <size>0x4</size>
         <input_file_ref idref="fl-10"/>
      </object_component>
      <object_component id="oc-1f">
         <name>.debug_info</name>
         <load_address>0x0</load_address>
         <run_address>0x0</run_address>
         <size>0x19a6</size>
         <input_file_ref idref="fl-2"/>
      </object_component>
      <object_component id="oc-28">
         <name>.debug_info</name>
         <load_address>0x19a6</load_address>
         <run_address>0x19a6</run_address>
         <size>0x103</size>
         <input_file_ref idref="fl-3"/>
      </object_component>
      <object_component id="oc-2b">
         <name>.debug_info</name>
         <load_address>0x1aa9</load_address>
         <run_address>0x1aa9</run_address>
         <size>0x1fc2</size>
         <input_file_ref idref="fl-4"/>
      </object_component>
      <object_component id="oc-33">
         <name>.debug_info</name>
         <load_address>0x3a6b</load_address>
         <run_address>0x3a6b</run_address>
         <size>0x10bd</size>
         <input_file_ref idref="fl-d"/>
      </object_component>
      <object_component id="oc-39">
         <name>.debug_info</name>
         <load_address>0x4b28</load_address>
         <run_address>0x4b28</run_address>
         <size>0xaf7</size>
         <input_file_ref idref="fl-e"/>
      </object_component>
      <object_component id="oc-3f">
         <name>.debug_info</name>
         <load_address>0x561f</load_address>
         <run_address>0x561f</run_address>
         <size>0x1554</size>
         <input_file_ref idref="fl-f"/>
      </object_component>
      <object_component id="oc-45">
         <name>.debug_info</name>
         <load_address>0x6b73</load_address>
         <run_address>0x6b73</run_address>
         <size>0x10bc</size>
         <input_file_ref idref="fl-10"/>
      </object_component>
      <object_component id="oc-4f">
         <name>.debug_info</name>
         <load_address>0x7c2f</load_address>
         <run_address>0x7c2f</run_address>
         <size>0x177</size>
         <input_file_ref idref="fl-1c"/>
      </object_component>
      <object_component id="oc-54">
         <name>.debug_info</name>
         <load_address>0x7da6</load_address>
         <run_address>0x7da6</run_address>
         <size>0x118</size>
         <input_file_ref idref="fl-1d"/>
      </object_component>
      <object_component id="oc-58">
         <name>.debug_info</name>
         <load_address>0x7ebe</load_address>
         <run_address>0x7ebe</run_address>
         <size>0x535</size>
         <input_file_ref idref="fl-1e"/>
      </object_component>
      <object_component id="oc-5d">
         <name>.debug_info</name>
         <load_address>0x83f3</load_address>
         <run_address>0x83f3</run_address>
         <size>0x430</size>
         <input_file_ref idref="fl-1f"/>
      </object_component>
      <object_component id="oc-62">
         <name>.debug_info</name>
         <load_address>0x8823</load_address>
         <run_address>0x8823</run_address>
         <size>0x3a3</size>
         <input_file_ref idref="fl-20"/>
      </object_component>
      <object_component id="oc-67">
         <name>.debug_info</name>
         <load_address>0x8bc6</load_address>
         <run_address>0x8bc6</run_address>
         <size>0x3a0</size>
         <input_file_ref idref="fl-21"/>
      </object_component>
      <object_component id="oc-6c">
         <name>.debug_info</name>
         <load_address>0x8f66</load_address>
         <run_address>0x8f66</run_address>
         <size>0x53a</size>
         <input_file_ref idref="fl-22"/>
      </object_component>
      <object_component id="oc-73">
         <name>.debug_info</name>
         <load_address>0x94a0</load_address>
         <run_address>0x94a0</run_address>
         <size>0x4c2</size>
         <input_file_ref idref="fl-23"/>
      </object_component>
      <object_component id="oc-78">
         <name>.debug_info</name>
         <load_address>0x9962</load_address>
         <run_address>0x9962</run_address>
         <size>0x45d</size>
         <input_file_ref idref="fl-24"/>
      </object_component>
      <object_component id="oc-ce">
         <name>.debug_info</name>
         <load_address>0x9dbf</load_address>
         <run_address>0x9dbf</run_address>
         <size>0xaa</size>
      </object_component>
      <object_component id="oc-23">
         <name>.debug_frame</name>
         <load_address>0x0</load_address>
         <run_address>0x0</run_address>
         <size>0x178</size>
         <input_file_ref idref="fl-2"/>
      </object_component>
      <object_component id="oc-2f">
         <name>.debug_frame</name>
         <load_address>0x178</load_address>
         <run_address>0x178</run_address>
         <size>0x18c</size>
         <input_file_ref idref="fl-4"/>
      </object_component>
      <object_component id="oc-35">
         <name>.debug_frame</name>
         <load_address>0x304</load_address>
         <run_address>0x304</run_address>
         <size>0xd0</size>
         <input_file_ref idref="fl-d"/>
      </object_component>
      <object_component id="oc-3b">
         <name>.debug_frame</name>
         <load_address>0x3d4</load_address>
         <run_address>0x3d4</run_address>
         <size>0xbc</size>
         <input_file_ref idref="fl-e"/>
      </object_component>
      <object_component id="oc-41">
         <name>.debug_frame</name>
         <load_address>0x490</load_address>
         <run_address>0x490</run_address>
         <size>0x140</size>
         <input_file_ref idref="fl-f"/>
      </object_component>
      <object_component id="oc-48">
         <name>.debug_frame</name>
         <load_address>0x5d0</load_address>
         <run_address>0x5d0</run_address>
         <size>0xd4</size>
         <input_file_ref idref="fl-10"/>
      </object_component>
      <object_component id="oc-59">
         <name>.debug_frame</name>
         <load_address>0x6a4</load_address>
         <run_address>0x6a4</run_address>
         <size>0x60</size>
         <input_file_ref idref="fl-1e"/>
      </object_component>
      <object_component id="oc-5e">
         <name>.debug_frame</name>
         <load_address>0x704</load_address>
         <run_address>0x704</run_address>
         <size>0x40</size>
         <input_file_ref idref="fl-1f"/>
      </object_component>
      <object_component id="oc-63">
         <name>.debug_frame</name>
         <load_address>0x744</load_address>
         <run_address>0x744</run_address>
         <size>0x40</size>
         <input_file_ref idref="fl-20"/>
      </object_component>
      <object_component id="oc-68">
         <name>.debug_frame</name>
         <load_address>0x784</load_address>
         <run_address>0x784</run_address>
         <size>0x40</size>
         <input_file_ref idref="fl-21"/>
      </object_component>
      <object_component id="oc-6f">
         <name>.debug_frame</name>
         <load_address>0x7c4</load_address>
         <run_address>0x7c4</run_address>
         <size>0x60</size>
         <input_file_ref idref="fl-22"/>
      </object_component>
      <object_component id="oc-74">
         <name>.debug_frame</name>
         <load_address>0x824</load_address>
         <run_address>0x824</run_address>
         <size>0x70</size>
         <input_file_ref idref="fl-23"/>
      </object_component>
      <object_component id="oc-79">
         <name>.debug_frame</name>
         <load_address>0x894</load_address>
         <run_address>0x894</run_address>
         <size>0x40</size>
         <input_file_ref idref="fl-24"/>
      </object_component>
      <object_component id="oc-24">
         <name>.debug_line</name>
         <load_address>0x0</load_address>
         <run_address>0x0</run_address>
         <size>0x1ef</size>
         <input_file_ref idref="fl-2"/>
      </object_component>
      <object_component id="oc-27">
         <name>.debug_line</name>
         <load_address>0x1ef</load_address>
         <run_address>0x1ef</run_address>
         <size>0x54</size>
         <input_file_ref idref="fl-3"/>
      </object_component>
      <object_component id="oc-30">
         <name>.debug_line</name>
         <load_address>0x243</load_address>
         <run_address>0x243</run_address>
         <size>0x2b2</size>
         <input_file_ref idref="fl-4"/>
      </object_component>
      <object_component id="oc-36">
         <name>.debug_line</name>
         <load_address>0x4f5</load_address>
         <run_address>0x4f5</run_address>
         <size>0x26a</size>
         <input_file_ref idref="fl-d"/>
      </object_component>
      <object_component id="oc-3c">
         <name>.debug_line</name>
         <load_address>0x75f</load_address>
         <run_address>0x75f</run_address>
         <size>0x1c4</size>
         <input_file_ref idref="fl-e"/>
      </object_component>
      <object_component id="oc-42">
         <name>.debug_line</name>
         <load_address>0x923</load_address>
         <run_address>0x923</run_address>
         <size>0x240</size>
         <input_file_ref idref="fl-f"/>
      </object_component>
      <object_component id="oc-49">
         <name>.debug_line</name>
         <load_address>0xb63</load_address>
         <run_address>0xb63</run_address>
         <size>0x381</size>
         <input_file_ref idref="fl-10"/>
      </object_component>
      <object_component id="oc-50">
         <name>.debug_line</name>
         <load_address>0xee4</load_address>
         <run_address>0xee4</run_address>
         <size>0x7e</size>
         <input_file_ref idref="fl-1c"/>
      </object_component>
      <object_component id="oc-55">
         <name>.debug_line</name>
         <load_address>0xf62</load_address>
         <run_address>0xf62</run_address>
         <size>0xad</size>
         <input_file_ref idref="fl-1d"/>
      </object_component>
      <object_component id="oc-5a">
         <name>.debug_line</name>
         <load_address>0x100f</load_address>
         <run_address>0x100f</run_address>
         <size>0x50</size>
         <input_file_ref idref="fl-1e"/>
      </object_component>
      <object_component id="oc-5f">
         <name>.debug_line</name>
         <load_address>0x105f</load_address>
         <run_address>0x105f</run_address>
         <size>0x62</size>
         <input_file_ref idref="fl-1f"/>
      </object_component>
      <object_component id="oc-64">
         <name>.debug_line</name>
         <load_address>0x10c1</load_address>
         <run_address>0x10c1</run_address>
         <size>0x3e</size>
         <input_file_ref idref="fl-20"/>
      </object_component>
      <object_component id="oc-69">
         <name>.debug_line</name>
         <load_address>0x10ff</load_address>
         <run_address>0x10ff</run_address>
         <size>0x3a</size>
         <input_file_ref idref="fl-21"/>
      </object_component>
      <object_component id="oc-70">
         <name>.debug_line</name>
         <load_address>0x1139</load_address>
         <run_address>0x1139</run_address>
         <size>0x65</size>
         <input_file_ref idref="fl-22"/>
      </object_component>
      <object_component id="oc-75">
         <name>.debug_line</name>
         <load_address>0x119e</load_address>
         <run_address>0x119e</run_address>
         <size>0x5e</size>
         <input_file_ref idref="fl-23"/>
      </object_component>
      <object_component id="oc-7a">
         <name>.debug_line</name>
         <load_address>0x11fc</load_address>
         <run_address>0x11fc</run_address>
         <size>0x55</size>
         <input_file_ref idref="fl-24"/>
      </object_component>
      <object_component id="oc-25">
         <name>.debug_abbrev</name>
         <load_address>0x0</load_address>
         <run_address>0x0</run_address>
         <size>0x16b</size>
         <input_file_ref idref="fl-2"/>
      </object_component>
      <object_component id="oc-29">
         <name>.debug_abbrev</name>
         <load_address>0x16b</load_address>
         <run_address>0x16b</run_address>
         <size>0x21</size>
         <input_file_ref idref="fl-3"/>
      </object_component>
      <object_component id="oc-31">
         <name>.debug_abbrev</name>
         <load_address>0x18c</load_address>
         <run_address>0x18c</run_address>
         <size>0x18d</size>
         <input_file_ref idref="fl-4"/>
      </object_component>
      <object_component id="oc-37">
         <name>.debug_abbrev</name>
         <load_address>0x319</load_address>
         <run_address>0x319</run_address>
         <size>0x1c8</size>
         <input_file_ref idref="fl-d"/>
      </object_component>
      <object_component id="oc-3d">
         <name>.debug_abbrev</name>
         <load_address>0x4e1</load_address>
         <run_address>0x4e1</run_address>
         <size>0x19c</size>
         <input_file_ref idref="fl-e"/>
      </object_component>
      <object_component id="oc-43">
         <name>.debug_abbrev</name>
         <load_address>0x67d</load_address>
         <run_address>0x67d</run_address>
         <size>0x19d</size>
         <input_file_ref idref="fl-f"/>
      </object_component>
      <object_component id="oc-4a">
         <name>.debug_abbrev</name>
         <load_address>0x81a</load_address>
         <run_address>0x81a</run_address>
         <size>0x191</size>
         <input_file_ref idref="fl-10"/>
      </object_component>
      <object_component id="oc-51">
         <name>.debug_abbrev</name>
         <load_address>0x9ab</load_address>
         <run_address>0x9ab</run_address>
         <size>0x46</size>
         <input_file_ref idref="fl-1c"/>
      </object_component>
      <object_component id="oc-56">
         <name>.debug_abbrev</name>
         <load_address>0x9f1</load_address>
         <run_address>0x9f1</run_address>
         <size>0x38</size>
         <input_file_ref idref="fl-1d"/>
      </object_component>
      <object_component id="oc-5b">
         <name>.debug_abbrev</name>
         <load_address>0xa29</load_address>
         <run_address>0xa29</run_address>
         <size>0xe3</size>
         <input_file_ref idref="fl-1e"/>
      </object_component>
      <object_component id="oc-60">
         <name>.debug_abbrev</name>
         <load_address>0xb0c</load_address>
         <run_address>0xb0c</run_address>
         <size>0xa8</size>
         <input_file_ref idref="fl-1f"/>
      </object_component>
      <object_component id="oc-65">
         <name>.debug_abbrev</name>
         <load_address>0xbb4</load_address>
         <run_address>0xbb4</run_address>
         <size>0x68</size>
         <input_file_ref idref="fl-20"/>
      </object_component>
      <object_component id="oc-6a">
         <name>.debug_abbrev</name>
         <load_address>0xc1c</load_address>
         <run_address>0xc1c</run_address>
         <size>0x66</size>
         <input_file_ref idref="fl-21"/>
      </object_component>
      <object_component id="oc-71">
         <name>.debug_abbrev</name>
         <load_address>0xc82</load_address>
         <run_address>0xc82</run_address>
         <size>0x130</size>
         <input_file_ref idref="fl-22"/>
      </object_component>
      <object_component id="oc-76">
         <name>.debug_abbrev</name>
         <load_address>0xdb2</load_address>
         <run_address>0xdb2</run_address>
         <size>0xb2</size>
         <input_file_ref idref="fl-23"/>
      </object_component>
      <object_component id="oc-7b">
         <name>.debug_abbrev</name>
         <load_address>0xe64</load_address>
         <run_address>0xe64</run_address>
         <size>0xee</size>
         <input_file_ref idref="fl-24"/>
      </object_component>
      <object_component id="oc-cf">
         <name>.debug_abbrev</name>
         <load_address>0xf52</load_address>
         <run_address>0xf52</run_address>
         <size>0xf</size>
      </object_component>
      <object_component id="oc-26">
         <name>.debug_aranges</name>
         <load_address>0x0</load_address>
         <run_address>0x0</run_address>
         <size>0x78</size>
         <input_file_ref idref="fl-2"/>
      </object_component>
      <object_component id="oc-2a">
         <name>.debug_aranges</name>
         <load_address>0x78</load_address>
         <run_address>0x78</run_address>
         <size>0x20</size>
         <input_file_ref idref="fl-3"/>
      </object_component>
      <object_component id="oc-32">
         <name>.debug_aranges</name>
         <load_address>0x98</load_address>
         <run_address>0x98</run_address>
         <size>0x88</size>
         <input_file_ref idref="fl-4"/>
      </object_component>
      <object_component id="oc-38">
         <name>.debug_aranges</name>
         <load_address>0x120</load_address>
         <run_address>0x120</run_address>
         <size>0x48</size>
         <input_file_ref idref="fl-d"/>
      </object_component>
      <object_component id="oc-3e">
         <name>.debug_aranges</name>
         <load_address>0x168</load_address>
         <run_address>0x168</run_address>
         <size>0x48</size>
         <input_file_ref idref="fl-e"/>
      </object_component>
      <object_component id="oc-44">
         <name>.debug_aranges</name>
         <load_address>0x1b0</load_address>
         <run_address>0x1b0</run_address>
         <size>0x68</size>
         <input_file_ref idref="fl-f"/>
      </object_component>
      <object_component id="oc-4b">
         <name>.debug_aranges</name>
         <load_address>0x218</load_address>
         <run_address>0x218</run_address>
         <size>0x48</size>
         <input_file_ref idref="fl-10"/>
      </object_component>
      <object_component id="oc-52">
         <name>.debug_aranges</name>
         <load_address>0x260</load_address>
         <run_address>0x260</run_address>
         <size>0x20</size>
         <input_file_ref idref="fl-1c"/>
      </object_component>
      <object_component id="oc-57">
         <name>.debug_aranges</name>
         <load_address>0x280</load_address>
         <run_address>0x280</run_address>
         <size>0x20</size>
         <input_file_ref idref="fl-1d"/>
      </object_component>
      <object_component id="oc-5c">
         <name>.debug_aranges</name>
         <load_address>0x2a0</load_address>
         <run_address>0x2a0</run_address>
         <size>0x20</size>
         <input_file_ref idref="fl-1e"/>
      </object_component>
      <object_component id="oc-61">
         <name>.debug_aranges</name>
         <load_address>0x2c0</load_address>
         <run_address>0x2c0</run_address>
         <size>0x20</size>
         <input_file_ref idref="fl-1f"/>
      </object_component>
      <object_component id="oc-66">
         <name>.debug_aranges</name>
         <load_address>0x2e0</load_address>
         <run_address>0x2e0</run_address>
         <size>0x20</size>
         <input_file_ref idref="fl-20"/>
      </object_component>
      <object_component id="oc-6b">
         <name>.debug_aranges</name>
         <load_address>0x300</load_address>
         <run_address>0x300</run_address>
         <size>0x20</size>
         <input_file_ref idref="fl-21"/>
      </object_component>
      <object_component id="oc-72">
         <name>.debug_aranges</name>
         <load_address>0x320</load_address>
         <run_address>0x320</run_address>
         <size>0x28</size>
         <input_file_ref idref="fl-22"/>
      </object_component>
      <object_component id="oc-77">
         <name>.debug_aranges</name>
         <load_address>0x348</load_address>
         <run_address>0x348</run_address>
         <size>0x30</size>
         <input_file_ref idref="fl-23"/>
      </object_component>
      <object_component id="oc-7c">
         <name>.debug_aranges</name>
         <load_address>0x378</load_address>
         <run_address>0x378</run_address>
         <size>0x20</size>
         <input_file_ref idref="fl-24"/>
      </object_component>
   </object_component_list>
   <logical_group_list>
      <logical_group id="lg-2" display="no" color="cyan">
         <name>codestart</name>
         <load_address>0x0</load_address>
         <run_address>0x0</run_address>
         <size>0x2</size>
         <contents>
            <object_component_ref idref="oc-1e"/>
         </contents>
      </logical_group>
      <logical_group id="lg-cc" display="no" color="cyan">
         <name>.text.1</name>
         <load_address>0x8000</load_address>
         <run_address>0x8000</run_address>
         <size>0x31c</size>
         <contents>
            <object_component_ref idref="oc-90"/>
            <object_component_ref idref="oc-8e"/>
            <object_component_ref idref="oc-8c"/>
            <object_component_ref idref="oc-8b"/>
            <object_component_ref idref="oc-88"/>
            <object_component_ref idref="oc-89"/>
            <object_component_ref idref="oc-81"/>
            <object_component_ref idref="oc-7e"/>
            <object_component_ref idref="oc-9f"/>
            <object_component_ref idref="oc-8d"/>
            <object_component_ref idref="oc-9b"/>
            <object_component_ref idref="oc-82"/>
            <object_component_ref idref="oc-a1"/>
            <object_component_ref idref="oc-95"/>
            <object_component_ref idref="oc-9c"/>
            <object_component_ref idref="oc-9e"/>
            <object_component_ref idref="oc-80"/>
            <object_component_ref idref="oc-a0"/>
            <object_component_ref idref="oc-9d"/>
            <object_component_ref idref="oc-96"/>
            <object_component_ref idref="oc-98"/>
            <object_component_ref idref="oc-97"/>
            <object_component_ref idref="oc-a3"/>
            <object_component_ref idref="oc-a5"/>
            <object_component_ref idref="oc-91"/>
            <object_component_ref idref="oc-9a"/>
            <object_component_ref idref="oc-99"/>
            <object_component_ref idref="oc-7d"/>
         </contents>
      </logical_group>
      <logical_group id="lg-cd" display="no" color="cyan">
         <name>.text.2</name>
         <load_address>0xb000</load_address>
         <run_address>0xb000</run_address>
         <size>0x800</size>
         <contents>
            <object_component_ref idref="oc-93"/>
            <object_component_ref idref="oc-86"/>
            <object_component_ref idref="oc-83"/>
            <object_component_ref idref="oc-53"/>
            <object_component_ref idref="oc-4c"/>
            <object_component_ref idref="oc-8a"/>
            <object_component_ref idref="oc-94"/>
            <object_component_ref idref="oc-a4"/>
            <object_component_ref idref="oc-8f"/>
            <object_component_ref idref="oc-87"/>
            <object_component_ref idref="oc-7f"/>
         </contents>
      </logical_group>
      <split_section id="lg-3" display="no" color="cyan">
         <name>.text</name>
         <contents>
            <logical_group_ref idref="lg-cc"/>
            <logical_group_ref idref="lg-cd"/>
         </contents>
      </split_section>
      <logical_group id="lg-4" display="no" color="cyan">
         <name>.cinit</name>
         <load_address>0x122</load_address>
         <run_address>0x122</run_address>
         <size>0x2d</size>
         <contents>
            <object_component_ref idref="oc-2c"/>
            <object_component_ref idref="oc-6d"/>
            <object_component_ref idref="oc-85"/>
            <object_component_ref idref="oc-92"/>
            <object_component_ref idref="oc-20"/>
         </contents>
      </logical_group>
      <logical_group id="lg-5" display="no" color="cyan">
         <name>.switch</name>
         <run_address>0x0</run_address>
         <size>0x0</size>
         <contents>
         </contents>
      </logical_group>
      <logical_group id="lg-6" display="no" color="cyan">
         <name>.reset</name>
         <load_address>0x3fffc0</load_address>
         <run_address>0x3fffc0</run_address>
         <size>0x2</size>
         <contents>
            <object_component_ref idref="oc-4e"/>
         </contents>
      </logical_group>
      <logical_group id="lg-7" display="no" color="cyan">
         <name>.stack</name>
         <run_address>0x400</run_address>
         <size>0x100</size>
         <contents>
            <object_component_ref idref="oc-4d"/>
            <object_component_ref idref="oc-cb"/>
         </contents>
      </logical_group>
      <logical_group id="lg-8" display="no" color="cyan">
         <name>.pinit</name>
         <run_address>0x0</run_address>
         <size>0x0</size>
         <contents>
         </contents>
      </logical_group>
      <logical_group id="lg-9" display="no" color="cyan">
         <name>.ebss</name>
         <run_address>0xab32</run_address>
         <size>0x11</size>
         <contents>
            <object_component_ref idref="oc-21"/>
            <object_component_ref idref="oc-2d"/>
            <object_component_ref idref="oc-6e"/>
            <object_component_ref idref="oc-84"/>
            <object_component_ref idref="oc-a2"/>
         </contents>
      </logical_group>
      <logical_group id="lg-a" display="no" color="cyan">
         <name>.econst</name>
         <load_address>0xa800</load_address>
         <run_address>0xa800</run_address>
         <size>0x331</size>
         <contents>
            <object_component_ref idref="oc-34"/>
            <object_component_ref idref="oc-40"/>
            <object_component_ref idref="oc-22"/>
            <object_component_ref idref="oc-3a"/>
            <object_component_ref idref="oc-47"/>
            <object_component_ref idref="oc-2e"/>
         </contents>
      </logical_group>
      <logical_group id="lg-b" display="no" color="cyan">
         <name>.esysmem</name>
         <run_address>0x0</run_address>
         <size>0x0</size>
         <contents>
         </contents>
      </logical_group>
      <logical_group id="lg-c" display="no" color="cyan">
         <name>Filter_RegsFile</name>
         <run_address>0x0</run_address>
         <size>0x0</size>
         <contents>
         </contents>
      </logical_group>
      <logical_group id="lg-d" display="no" color="cyan">
         <name>ramgs0</name>
         <run_address>0x0</run_address>
         <size>0x0</size>
         <contents>
         </contents>
      </logical_group>
      <logical_group id="lg-e" display="no" color="cyan">
         <name>ramgs1</name>
         <run_address>0x0</run_address>
         <size>0x0</size>
         <contents>
         </contents>
      </logical_group>
      <logical_group id="lg-f" display="no" color="cyan">
         <name>.TI.ramfunc</name>
         <load_address>0x14f</load_address>
         <run_address>0x14f</run_address>
         <size>0x4</size>
         <contents>
            <object_component_ref idref="oc-46"/>
         </contents>
      </logical_group>
      <logical_group id="lg-11" display="no" color="cyan">
         <name>PUTBUFFER</name>
         <run_address>0x0</run_address>
         <size>0x0</size>
         <contents>
         </contents>
      </logical_group>
      <logical_group id="lg-12" display="no" color="cyan">
         <name>PUTWRITEIDX</name>
         <run_address>0x0</run_address>
         <size>0x0</size>
         <contents>
         </contents>
      </logical_group>
      <logical_group id="lg-13" display="no" color="cyan">
         <name>GETREADIDX</name>
         <run_address>0x0</run_address>
         <size>0x0</size>
         <contents>
         </contents>
      </logical_group>
      <logical_group id="lg-10" display="no" color="cyan">
         <name>GROUP_1</name>
         <run_address>0x0</run_address>
         <size>0x0</size>
         <contents>
            <logical_group_ref idref="lg-11"/>
            <logical_group_ref idref="lg-12"/>
            <logical_group_ref idref="lg-13"/>
         </contents>
      </logical_group>
      <logical_group id="lg-15" display="no" color="cyan">
         <name>GETBUFFER</name>
         <run_address>0x3f800</run_address>
         <size>0x0</size>
         <contents>
         </contents>
      </logical_group>
      <logical_group id="lg-16" display="no" color="cyan">
         <name>GETWRITEIDX</name>
         <run_address>0x3f800</run_address>
         <size>0x0</size>
         <contents>
         </contents>
      </logical_group>
      <logical_group id="lg-17" display="no" color="cyan">
         <name>PUTREADIDX</name>
         <run_address>0x3f800</run_address>
         <size>0x0</size>
         <contents>
         </contents>
      </logical_group>
      <logical_group id="lg-14" display="no" color="cyan">
         <name>GROUP_2</name>
         <run_address>0x3f800</run_address>
         <size>0x0</size>
         <contents>
            <logical_group_ref idref="lg-15"/>
            <logical_group_ref idref="lg-16"/>
            <logical_group_ref idref="lg-17"/>
         </contents>
      </logical_group>
      <logical_group id="lg-18" display="no" color="cyan">
         <name>Filter1_RegsFile</name>
         <load_address>0xd000</load_address>
         <run_address>0xd000</run_address>
         <size>0x0</size>
         <contents>
         </contents>
      </logical_group>
      <logical_group id="lg-19" display="no" color="cyan">
         <name>Filter2_RegsFile</name>
         <load_address>0xe000</load_address>
         <run_address>0xe000</run_address>
         <size>0x0</size>
         <contents>
         </contents>
      </logical_group>
      <logical_group id="lg-1a" display="no" color="cyan">
         <name>Filter3_RegsFile</name>
         <load_address>0xf000</load_address>
         <run_address>0xf000</run_address>
         <size>0x0</size>
         <contents>
         </contents>
      </logical_group>
      <logical_group id="lg-1b" display="no" color="cyan">
         <name>Filter4_RegsFile</name>
         <load_address>0x10000</load_address>
         <run_address>0x10000</run_address>
         <size>0x0</size>
         <contents>
         </contents>
      </logical_group>
      <logical_group id="lg-1c" display="no" color="cyan">
         <name>Difference_RegsFile</name>
         <load_address>0x11000</load_address>
         <run_address>0x11000</run_address>
         <size>0x0</size>
         <contents>
         </contents>
      </logical_group>
      <logical_group id="lg-bf" display="never" color="cyan">
         <name>.debug_info</name>
         <load_address>0x0</load_address>
         <run_address>0x0</run_address>
         <size>0x9e69</size>
         <contents>
            <object_component_ref idref="oc-1f"/>
            <object_component_ref idref="oc-28"/>
            <object_component_ref idref="oc-2b"/>
            <object_component_ref idref="oc-33"/>
            <object_component_ref idref="oc-39"/>
            <object_component_ref idref="oc-3f"/>
            <object_component_ref idref="oc-45"/>
            <object_component_ref idref="oc-4f"/>
            <object_component_ref idref="oc-54"/>
            <object_component_ref idref="oc-58"/>
            <object_component_ref idref="oc-5d"/>
            <object_component_ref idref="oc-62"/>
            <object_component_ref idref="oc-67"/>
            <object_component_ref idref="oc-6c"/>
            <object_component_ref idref="oc-73"/>
            <object_component_ref idref="oc-78"/>
            <object_component_ref idref="oc-ce"/>
         </contents>
      </logical_group>
      <logical_group id="lg-c1" display="never" color="cyan">
         <name>.debug_frame</name>
         <load_address>0x0</load_address>
         <run_address>0x0</run_address>
         <size>0x8d4</size>
         <contents>
            <object_component_ref idref="oc-23"/>
            <object_component_ref idref="oc-2f"/>
            <object_component_ref idref="oc-35"/>
            <object_component_ref idref="oc-3b"/>
            <object_component_ref idref="oc-41"/>
            <object_component_ref idref="oc-48"/>
            <object_component_ref idref="oc-59"/>
            <object_component_ref idref="oc-5e"/>
            <object_component_ref idref="oc-63"/>
            <object_component_ref idref="oc-68"/>
            <object_component_ref idref="oc-6f"/>
            <object_component_ref idref="oc-74"/>
            <object_component_ref idref="oc-79"/>
         </contents>
      </logical_group>
      <logical_group id="lg-c3" display="never" color="cyan">
         <name>.debug_line</name>
         <load_address>0x0</load_address>
         <run_address>0x0</run_address>
         <size>0x1251</size>
         <contents>
            <object_component_ref idref="oc-24"/>
            <object_component_ref idref="oc-27"/>
            <object_component_ref idref="oc-30"/>
            <object_component_ref idref="oc-36"/>
            <object_component_ref idref="oc-3c"/>
            <object_component_ref idref="oc-42"/>
            <object_component_ref idref="oc-49"/>
            <object_component_ref idref="oc-50"/>
            <object_component_ref idref="oc-55"/>
            <object_component_ref idref="oc-5a"/>
            <object_component_ref idref="oc-5f"/>
            <object_component_ref idref="oc-64"/>
            <object_component_ref idref="oc-69"/>
            <object_component_ref idref="oc-70"/>
            <object_component_ref idref="oc-75"/>
            <object_component_ref idref="oc-7a"/>
         </contents>
      </logical_group>
      <logical_group id="lg-c5" display="never" color="cyan">
         <name>.debug_abbrev</name>
         <load_address>0x0</load_address>
         <run_address>0x0</run_address>
         <size>0xf61</size>
         <contents>
            <object_component_ref idref="oc-25"/>
            <object_component_ref idref="oc-29"/>
            <object_component_ref idref="oc-31"/>
            <object_component_ref idref="oc-37"/>
            <object_component_ref idref="oc-3d"/>
            <object_component_ref idref="oc-43"/>
            <object_component_ref idref="oc-4a"/>
            <object_component_ref idref="oc-51"/>
            <object_component_ref idref="oc-56"/>
            <object_component_ref idref="oc-5b"/>
            <object_component_ref idref="oc-60"/>
            <object_component_ref idref="oc-65"/>
            <object_component_ref idref="oc-6a"/>
            <object_component_ref idref="oc-71"/>
            <object_component_ref idref="oc-76"/>
            <object_component_ref idref="oc-7b"/>
            <object_component_ref idref="oc-cf"/>
         </contents>
      </logical_group>
      <logical_group id="lg-c7" display="never" color="cyan">
         <name>.debug_aranges</name>
         <load_address>0x0</load_address>
         <run_address>0x0</run_address>
         <size>0x398</size>
         <contents>
            <object_component_ref idref="oc-26"/>
            <object_component_ref idref="oc-2a"/>
            <object_component_ref idref="oc-32"/>
            <object_component_ref idref="oc-38"/>
            <object_component_ref idref="oc-3e"/>
            <object_component_ref idref="oc-44"/>
            <object_component_ref idref="oc-4b"/>
            <object_component_ref idref="oc-52"/>
            <object_component_ref idref="oc-57"/>
            <object_component_ref idref="oc-5c"/>
            <object_component_ref idref="oc-61"/>
            <object_component_ref idref="oc-66"/>
            <object_component_ref idref="oc-6b"/>
            <object_component_ref idref="oc-72"/>
            <object_component_ref idref="oc-77"/>
            <object_component_ref idref="oc-7c"/>
         </contents>
      </logical_group>
   </logical_group_list>
   <placement_map>
      <memory_area display="no" color="green">
         <name>BEGIN</name>
         <page_id>0x0</page_id>
         <origin>0x0</origin>
         <length>0x2</length>
         <used_space>0x2</used_space>
         <unused_space>0x0</unused_space>
         <attributes>RWIX</attributes>
         <usage_details>
            <allocated_space>
               <start_address>0x0</start_address>
               <size>0x2</size>
               <logical_group_ref idref="lg-2"/>
            </allocated_space>
         </usage_details>
      </memory_area>
      <memory_area display="yes" color="green">
         <name>RAMM0</name>
         <page_id>0x0</page_id>
         <origin>0x122</origin>
         <length>0x2de</length>
         <used_space>0x31</used_space>
         <unused_space>0x2ad</unused_space>
         <attributes>RWIX</attributes>
         <usage_details>
            <allocated_space>
               <start_address>0x122</start_address>
               <size>0x2d</size>
               <logical_group_ref idref="lg-4"/>
            </allocated_space>
            <allocated_space>
               <start_address>0x14f</start_address>
               <size>0x4</size>
               <logical_group_ref idref="lg-f"/>
            </allocated_space>
            <available_space>
               <start_address>0x153</start_address>
               <size>0x2ad</size>
            </available_space>
         </usage_details>
      </memory_area>
      <memory_area display="yes" color="green">
         <name>RAMLS0</name>
         <page_id>0x0</page_id>
         <origin>0x8000</origin>
         <length>0x800</length>
         <used_space>0x31c</used_space>
         <unused_space>0x4e4</unused_space>
         <attributes>RWIX</attributes>
         <usage_details>
            <allocated_space>
               <start_address>0x8000</start_address>
               <size>0x31c</size>
               <logical_group_ref idref="lg-cc"/>
            </allocated_space>
            <available_space>
               <start_address>0x831c</start_address>
               <size>0x4e4</size>
            </available_space>
         </usage_details>
      </memory_area>
      <memory_area display="yes" color="green">
         <name>RAMLS1</name>
         <page_id>0x0</page_id>
         <origin>0x8800</origin>
         <length>0x800</length>
         <used_space>0x0</used_space>
         <unused_space>0x800</unused_space>
         <attributes>RWIX</attributes>
         <usage_details>
         </usage_details>
      </memory_area>
      <memory_area display="yes" color="green">
         <name>RAMLS2</name>
         <page_id>0x0</page_id>
         <origin>0x9000</origin>
         <length>0x800</length>
         <used_space>0x0</used_space>
         <unused_space>0x800</unused_space>
         <attributes>RWIX</attributes>
         <usage_details>
         </usage_details>
      </memory_area>
      <memory_area display="yes" color="green">
         <name>RAMLS3</name>
         <page_id>0x0</page_id>
         <origin>0x9800</origin>
         <length>0x800</length>
         <used_space>0x0</used_space>
         <unused_space>0x800</unused_space>
         <attributes>RWIX</attributes>
         <usage_details>
         </usage_details>
      </memory_area>
      <memory_area display="yes" color="green">
         <name>RAMLS4</name>
         <page_id>0x0</page_id>
         <origin>0xa000</origin>
         <length>0x800</length>
         <used_space>0x0</used_space>
         <unused_space>0x800</unused_space>
         <attributes>RWIX</attributes>
         <usage_details>
         </usage_details>
      </memory_area>
      <memory_area display="yes" color="green">
         <name>RAMD0</name>
         <page_id>0x0</page_id>
         <origin>0xb000</origin>
         <length>0x800</length>
         <used_space>0x800</used_space>
         <unused_space>0x0</unused_space>
         <attributes>RWIX</attributes>
         <usage_details>
            <allocated_space>
               <start_address>0xb000</start_address>
               <size>0x800</size>
               <logical_group_ref idref="lg-cd"/>
            </allocated_space>
         </usage_details>
      </memory_area>
      <memory_area display="no" color="green">
         <name>RESET</name>
         <page_id>0x0</page_id>
         <origin>0x3fffc0</origin>
         <length>0x2</length>
         <used_space>0x0</used_space>
         <unused_space>0x2</unused_space>
         <attributes>RWIX</attributes>
         <usage_details>
         </usage_details>
      </memory_area>
      <memory_area display="yes" color="green">
         <name>BOOT_RSVD</name>
         <page_id>0x1</page_id>
         <origin>0x2</origin>
         <length>0x120</length>
         <used_space>0x0</used_space>
         <unused_space>0x120</unused_space>
         <attributes>RWIX</attributes>
         <usage_details>
         </usage_details>
      </memory_area>
      <memory_area display="yes" color="green">
         <name>RAMM1</name>
         <page_id>0x1</page_id>
         <origin>0x400</origin>
         <length>0x400</length>
         <used_space>0x100</used_space>
         <unused_space>0x300</unused_space>
         <attributes>RWIX</attributes>
         <usage_details>
            <allocated_space>
               <start_address>0x400</start_address>
               <size>0x100</size>
               <logical_group_ref idref="lg-7"/>
            </allocated_space>
            <available_space>
               <start_address>0x500</start_address>
               <size>0x300</size>
            </available_space>
         </usage_details>
      </memory_area>
      <memory_area display="yes" color="green">
         <name>RAMLS5</name>
         <page_id>0x1</page_id>
         <origin>0xa800</origin>
         <length>0x800</length>
         <used_space>0x342</used_space>
         <unused_space>0x4be</unused_space>
         <attributes>RWIX</attributes>
         <usage_details>
            <allocated_space>
               <start_address>0xa800</start_address>
               <size>0x331</size>
               <logical_group_ref idref="lg-a"/>
            </allocated_space>
            <available_space>
               <start_address>0xab31</start_address>
               <size>0x1</size>
            </available_space>
            <allocated_space>
               <start_address>0xab32</start_address>
               <size>0x11</size>
               <logical_group_ref idref="lg-9"/>
            </allocated_space>
            <available_space>
               <start_address>0xab43</start_address>
               <size>0x4bd</size>
            </available_space>
         </usage_details>
      </memory_area>
      <memory_area display="yes" color="green">
         <name>RAMD1</name>
         <page_id>0x1</page_id>
         <origin>0xb800</origin>
         <length>0x800</length>
         <used_space>0x0</used_space>
         <unused_space>0x800</unused_space>
         <attributes>RWIX</attributes>
         <usage_details>
         </usage_details>
      </memory_area>
      <memory_area display="yes" color="green">
         <name>RAMGS0</name>
         <page_id>0x1</page_id>
         <origin>0xc000</origin>
         <length>0x1000</length>
         <used_space>0x0</used_space>
         <unused_space>0x1000</unused_space>
         <attributes>RWIX</attributes>
         <usage_details>
         </usage_details>
      </memory_area>
      <memory_area display="yes" color="green">
         <name>RAMGS1</name>
         <page_id>0x1</page_id>
         <origin>0xd000</origin>
         <length>0x1000</length>
         <used_space>0x0</used_space>
         <unused_space>0x1000</unused_space>
         <attributes>RWIX</attributes>
         <usage_details>
         </usage_details>
      </memory_area>
      <memory_area display="yes" color="green">
         <name>RAMGS2</name>
         <page_id>0x1</page_id>
         <origin>0xe000</origin>
         <length>0x1000</length>
         <used_space>0x0</used_space>
         <unused_space>0x1000</unused_space>
         <attributes>RWIX</attributes>
         <usage_details>
         </usage_details>
      </memory_area>
      <memory_area display="yes" color="green">
         <name>RAMGS3</name>
         <page_id>0x1</page_id>
         <origin>0xf000</origin>
         <length>0x1000</length>
         <used_space>0x0</used_space>
         <unused_space>0x1000</unused_space>
         <attributes>RWIX</attributes>
         <usage_details>
         </usage_details>
      </memory_area>
      <memory_area display="yes" color="green">
         <name>RAMGS4</name>
         <page_id>0x1</page_id>
         <origin>0x10000</origin>
         <length>0x1000</length>
         <used_space>0x0</used_space>
         <unused_space>0x1000</unused_space>
         <attributes>RWIX</attributes>
         <usage_details>
         </usage_details>
      </memory_area>
      <memory_area display="yes" color="green">
         <name>RAMGS5</name>
         <page_id>0x1</page_id>
         <origin>0x11000</origin>
         <length>0x1000</length>
         <used_space>0x0</used_space>
         <unused_space>0x1000</unused_space>
         <attributes>RWIX</attributes>
         <usage_details>
         </usage_details>
      </memory_area>
      <memory_area display="yes" color="green">
         <name>RAMGS6</name>
         <page_id>0x1</page_id>
         <origin>0x12000</origin>
         <length>0x1000</length>
         <used_space>0x0</used_space>
         <unused_space>0x1000</unused_space>
         <attributes>RWIX</attributes>
         <usage_details>
         </usage_details>
      </memory_area>
      <memory_area display="yes" color="green">
         <name>RAMGS7</name>
         <page_id>0x1</page_id>
         <origin>0x13000</origin>
         <length>0x1000</length>
         <used_space>0x0</used_space>
         <unused_space>0x1000</unused_space>
         <attributes>RWIX</attributes>
         <usage_details>
         </usage_details>
      </memory_area>
      <memory_area display="yes" color="green">
         <name>RAMGS8</name>
         <page_id>0x1</page_id>
         <origin>0x14000</origin>
         <length>0x1000</length>
         <used_space>0x0</used_space>
         <unused_space>0x1000</unused_space>
         <attributes>RWIX</attributes>
         <usage_details>
         </usage_details>
      </memory_area>
      <memory_area display="yes" color="green">
         <name>RAMGS9</name>
         <page_id>0x1</page_id>
         <origin>0x15000</origin>
         <length>0x1000</length>
         <used_space>0x0</used_space>
         <unused_space>0x1000</unused_space>
         <attributes>RWIX</attributes>
         <usage_details>
         </usage_details>
      </memory_area>
      <memory_area display="yes" color="green">
         <name>RAMGS10</name>
         <page_id>0x1</page_id>
         <origin>0x16000</origin>
         <length>0x1000</length>
         <used_space>0x0</used_space>
         <unused_space>0x1000</unused_space>
         <attributes>RWIX</attributes>
         <usage_details>
         </usage_details>
      </memory_area>
      <memory_area display="yes" color="green">
         <name>RAMGS11</name>
         <page_id>0x1</page_id>
         <origin>0x17000</origin>
         <length>0x1000</length>
         <used_space>0x0</used_space>
         <unused_space>0x1000</unused_space>
         <attributes>RWIX</attributes>
         <usage_details>
         </usage_details>
      </memory_area>
      <memory_area display="yes" color="green">
         <name>RAMGS12</name>
         <page_id>0x1</page_id>
         <origin>0x18000</origin>
         <length>0x1000</length>
         <used_space>0x0</used_space>
         <unused_space>0x1000</unused_space>
         <attributes>RWIX</attributes>
         <usage_details>
         </usage_details>
      </memory_area>
      <memory_area display="yes" color="green">
         <name>RAMGS13</name>
         <page_id>0x1</page_id>
         <origin>0x19000</origin>
         <length>0x1000</length>
         <used_space>0x0</used_space>
         <unused_space>0x1000</unused_space>
         <attributes>RWIX</attributes>
         <usage_details>
         </usage_details>
      </memory_area>
      <memory_area display="yes" color="green">
         <name>RAMGS14</name>
         <page_id>0x1</page_id>
         <origin>0x1a000</origin>
         <length>0x1000</length>
         <used_space>0x0</used_space>
         <unused_space>0x1000</unused_space>
         <attributes>RWIX</attributes>
         <usage_details>
         </usage_details>
      </memory_area>
      <memory_area display="yes" color="green">
         <name>RAMGS15</name>
         <page_id>0x1</page_id>
         <origin>0x1b000</origin>
         <length>0x1000</length>
         <used_space>0x0</used_space>
         <unused_space>0x1000</unused_space>
         <attributes>RWIX</attributes>
         <usage_details>
         </usage_details>
      </memory_area>
      <memory_area display="yes" color="green">
         <name>CPU2TOCPU1RAM</name>
         <page_id>0x1</page_id>
         <origin>0x3f800</origin>
         <length>0x400</length>
         <used_space>0x0</used_space>
         <unused_space>0x400</unused_space>
         <attributes>RWIX</attributes>
         <usage_details>
         </usage_details>
      </memory_area>
      <memory_area display="yes" color="green">
         <name>CPU1TOCPU2RAM</name>
         <page_id>0x1</page_id>
         <origin>0x3fc00</origin>
         <length>0x400</length>
         <used_space>0x0</used_space>
         <unused_space>0x400</unused_space>
         <attributes>RWIX</attributes>
         <usage_details>
         </usage_details>
      </memory_area>
      <memory_area display="yes" color="green">
         <name>CANA_MSG_RAM</name>
         <page_id>0x1</page_id>
         <origin>0x49000</origin>
         <length>0x800</length>
         <used_space>0x0</used_space>
         <unused_space>0x800</unused_space>
         <attributes>RWIX</attributes>
         <usage_details>
         </usage_details>
      </memory_area>
      <memory_area display="yes" color="green">
         <name>CANB_MSG_RAM</name>
         <page_id>0x1</page_id>
         <origin>0x4b000</origin>
         <length>0x800</length>
         <used_space>0x0</used_space>
         <unused_space>0x800</unused_space>
         <attributes>RWIX</attributes>
         <usage_details>
         </usage_details>
      </memory_area>
   </placement_map>
   <symbol_table>
      <symbol id="sm-0">
         <name>cinit</name>
         <value>0x122</value>
      </symbol>
      <symbol id="sm-1">
         <name>___cinit__</name>
         <value>0x122</value>
      </symbol>
      <symbol id="sm-2">
         <name>pinit</name>
         <value>0xffffffff</value>
      </symbol>
      <symbol id="sm-3">
         <name>___pinit__</name>
         <value>0xffffffff</value>
      </symbol>
      <symbol id="sm-4">
         <name>binit</name>
         <value>0xffffffff</value>
      </symbol>
      <symbol id="sm-5">
         <name>___binit__</name>
         <value>0xffffffff</value>
      </symbol>
      <symbol id="sm-6">
         <name>__STACK_SIZE</name>
         <value>0x100</value>
      </symbol>
      <symbol id="sm-7">
         <name>__STACK_END</name>
         <value>0x500</value>
      </symbol>
      <symbol id="sm-8">
         <name>___c_args__</name>
         <value>0xffffffff</value>
      </symbol>
      <symbol id="sm-9">
         <name>.text</name>
         <value>0xffffffff</value>
      </symbol>
      <symbol id="sm-a">
         <name>___text__</name>
         <value>0xffffffff</value>
      </symbol>
      <symbol id="sm-b">
         <name>etext</name>
         <value>0xffffffff</value>
      </symbol>
      <symbol id="sm-c">
         <name>___etext__</name>
         <value>0xffffffff</value>
      </symbol>
      <symbol id="sm-d">
         <name>___TI_pprof_out_hndl</name>
         <value>0xffffffff</value>
      </symbol>
      <symbol id="sm-e">
         <name>___TI_prof_data_start</name>
         <value>0xffffffff</value>
      </symbol>
      <symbol id="sm-f">
         <name>___TI_prof_data_size</name>
         <value>0xffffffff</value>
      </symbol>
      <symbol id="sm-7c">
         <name>_main</name>
         <value>0xb511</value>
         <object_component_ref idref="oc-83"/>
      </symbol>
      <symbol id="sm-7d">
         <name>_loopCounter</name>
         <value>0xab42</value>
         <object_component_ref idref="oc-21"/>
      </symbol>
      <symbol id="sm-8a">
         <name>code_start</name>
         <value>0x0</value>
         <object_component_ref idref="oc-1e"/>
      </symbol>
      <symbol id="sm-a6">
         <name>_Example_done</name>
         <value>0xb405</value>
         <object_component_ref idref="oc-86"/>
      </symbol>
      <symbol id="sm-a7">
         <name>_Example_Fail</name>
         <value>0xab36</value>
         <object_component_ref idref="oc-2d"/>
      </symbol>
      <symbol id="sm-a8">
         <name>_Device_initGPIO</name>
         <value>0xb383</value>
         <object_component_ref idref="oc-86"/>
      </symbol>
      <symbol id="sm-a9">
         <name>_Example_setResultPass</name>
         <value>0xb3fb</value>
         <object_component_ref idref="oc-86"/>
      </symbol>
      <symbol id="sm-aa">
         <name>___error__</name>
         <value>0xb3f4</value>
         <object_component_ref idref="oc-86"/>
      </symbol>
      <symbol id="sm-ab">
         <name>_Example_Result</name>
         <value>0xab32</value>
         <object_component_ref idref="oc-2d"/>
      </symbol>
      <symbol id="sm-ac">
         <name>_Example_setResultFail</name>
         <value>0xb400</value>
         <object_component_ref idref="oc-86"/>
      </symbol>
      <symbol id="sm-ad">
         <name>_Device_enableUnbondedGPIOPullupsFor176Pin</name>
         <value>0xb3a4</value>
         <object_component_ref idref="oc-86"/>
      </symbol>
      <symbol id="sm-ae">
         <name>_Device_enableUnbondedGPIOPullups</name>
         <value>0xb3de</value>
         <object_component_ref idref="oc-86"/>
      </symbol>
      <symbol id="sm-af">
         <name>_Device_init</name>
         <value>0xb261</value>
         <object_component_ref idref="oc-86"/>
      </symbol>
      <symbol id="sm-b0">
         <name>_Example_PassCount</name>
         <value>0xab34</value>
         <object_component_ref idref="oc-2d"/>
      </symbol>
      <symbol id="sm-b1">
         <name>_Device_enableUnbondedGPIOPullupsFor100Pin</name>
         <value>0xb3bb</value>
         <object_component_ref idref="oc-86"/>
      </symbol>
      <symbol id="sm-b2">
         <name>_Device_enableAllPeripherals</name>
         <value>0xb294</value>
         <object_component_ref idref="oc-86"/>
      </symbol>
      <symbol id="sm-db">
         <name>_GPIO_setMasterCore</name>
         <value>0xb7c7</value>
         <object_component_ref idref="oc-87"/>
      </symbol>
      <symbol id="sm-dc">
         <name>_GPIO_setPinConfig</name>
         <value>0x80f4</value>
         <object_component_ref idref="oc-88"/>
      </symbol>
      <symbol id="sm-dd">
         <name>_GPIO_setDirectionMode</name>
         <value>0x812b</value>
         <object_component_ref idref="oc-89"/>
      </symbol>
      <symbol id="sm-de">
         <name>_GPIO_setQualificationMode</name>
         <value>0x80bc</value>
         <object_component_ref idref="oc-8b"/>
      </symbol>
      <symbol id="sm-df">
         <name>_GPIO_setPadConfig</name>
         <value>0xb691</value>
         <object_component_ref idref="oc-8a"/>
      </symbol>
      <symbol id="sm-105">
         <name>_Interrupt_initVectorTable</name>
         <value>0x81cb</value>
         <object_component_ref idref="oc-8d"/>
      </symbol>
      <symbol id="sm-106">
         <name>_Interrupt_initModule</name>
         <value>0x807f</value>
         <object_component_ref idref="oc-8c"/>
      </symbol>
      <symbol id="sm-14a">
         <name>_SCI_clearInterruptStatus</name>
         <value>0xb781</value>
         <object_component_ref idref="oc-8f"/>
      </symbol>
      <symbol id="sm-14b">
         <name>_SCI_setConfig</name>
         <value>0x8041</value>
         <object_component_ref idref="oc-8e"/>
      </symbol>
      <symbol id="sm-14c">
         <name>_SCI_writeCharArray</name>
         <value>0x8000</value>
         <object_component_ref idref="oc-90"/>
      </symbol>
      <symbol id="sm-195">
         <name>_SysCtl_delay</name>
         <value>0x14f</value>
         <object_component_ref idref="oc-46"/>
      </symbol>
      <symbol id="sm-196">
         <name>_SysCtl_selectOscSource</name>
         <value>0xb734</value>
         <object_component_ref idref="oc-a4"/>
      </symbol>
      <symbol id="sm-197">
         <name>_SysCtl_setClock</name>
         <value>0xb000</value>
         <object_component_ref idref="oc-93"/>
      </symbol>
      <symbol id="sm-198">
         <name>_SysCtl_getLowSpeedClock</name>
         <value>0x8242</value>
         <object_component_ref idref="oc-95"/>
      </symbol>
      <symbol id="sm-199">
         <name>_SysCtl_getClock</name>
         <value>0xb6e3</value>
         <object_component_ref idref="oc-94"/>
      </symbol>
      <symbol id="sm-1b4">
         <name>_c_int00</name>
         <value>0xb63b</value>
         <object_component_ref idref="oc-4c"/>
      </symbol>
      <symbol id="sm-1b5">
         <name>__stack</name>
         <value>0x400</value>
         <object_component_ref idref="oc-4d"/>
      </symbol>
      <symbol id="sm-1c6">
         <name>FS$$DIV</name>
         <value>0xb5b3</value>
         <object_component_ref idref="oc-53"/>
      </symbol>
      <symbol id="sm-1d5">
         <name>_copy_in</name>
         <value>0x8185</value>
         <object_component_ref idref="oc-7e"/>
      </symbol>
      <symbol id="sm-1e6">
         <name>_memcpy</name>
         <value>0x820a</value>
         <object_component_ref idref="oc-82"/>
      </symbol>
      <symbol id="sm-1f2">
         <name>__system_pre_init</name>
         <value>0x831a</value>
         <object_component_ref idref="oc-7d"/>
      </symbol>
      <symbol id="sm-1ff">
         <name>__system_post_cinit</name>
         <value>0xb7ff</value>
         <object_component_ref idref="oc-7f"/>
      </symbol>
      <symbol id="sm-213">
         <name>C$$EXIT</name>
         <value>0x815c</value>
         <object_component_ref idref="oc-81"/>
      </symbol>
      <symbol id="sm-214">
         <name>_exit</name>
         <value>0x815e</value>
         <object_component_ref idref="oc-81"/>
      </symbol>
      <symbol id="sm-215">
         <name>___TI_cleanup_ptr</name>
         <value>0xab3a</value>
         <object_component_ref idref="oc-6e"/>
      </symbol>
      <symbol id="sm-216">
         <name>___TI_enable_exit_profile_output</name>
         <value>0xab38</value>
         <object_component_ref idref="oc-6e"/>
      </symbol>
      <symbol id="sm-217">
         <name>_abort</name>
         <value>0x815c</value>
         <object_component_ref idref="oc-81"/>
      </symbol>
      <symbol id="sm-218">
         <name>___TI_dtors_ptr</name>
         <value>0xab3c</value>
         <object_component_ref idref="oc-6e"/>
      </symbol>
      <symbol id="sm-22c">
         <name>__unlock</name>
         <value>0xab40</value>
         <object_component_ref idref="oc-a2"/>
      </symbol>
      <symbol id="sm-22d">
         <name>__lock</name>
         <value>0xab3e</value>
         <object_component_ref idref="oc-84"/>
      </symbol>
      <symbol id="sm-22e">
         <name>__register_lock</name>
         <value>0x8311</value>
         <object_component_ref idref="oc-91"/>
      </symbol>
      <symbol id="sm-22f">
         <name>__nop</name>
         <value>0x8315</value>
         <object_component_ref idref="oc-91"/>
      </symbol>
      <symbol id="sm-230">
         <name>__register_unlock</name>
         <value>0x830d</value>
         <object_component_ref idref="oc-91"/>
      </symbol>
      <symbol id="sm-23f">
         <name>__args_main</name>
         <value>0x828e</value>
         <object_component_ref idref="oc-80"/>
      </symbol>
   </symbol_table>
   <title>Link successful</title>
</link_info>
