<?xml version="1.0" encoding="ISO-8859-1" ?>
<link_info>
   <banner>TMS320C2000 Linker PC v18.12.1.LTS</banner>
   <copyright>Copyright (c) 1996-2018 Texas Instruments Incorporated</copyright>
   <link_time>0x5d2fe4a7</link_time>
   <link_errors>0x0</link_errors>
   <output_file>SCI_Echo_Alter.out</output_file>
   <entry_point>
      <name>code_start</name>
      <address>0x0</address>
   </entry_point>
   <input_file_list>
      <input_file id="fl-2">
         <path>.\</path>
         <kind>object</kind>
         <file>sci_ex3_echoback_alter.obj</file>
         <name>sci_ex3_echoback_alter.obj</name>
      </input_file>
      <input_file id="fl-3">
         <path>.\device\</path>
         <kind>object</kind>
         <file>F2837xD_CodeStartBranch.obj</file>
         <name>F2837xD_CodeStartBranch.obj</name>
      </input_file>
      <input_file id="fl-4">
         <path>.\device\</path>
         <kind>object</kind>
         <file>device.obj</file>
         <name>device.obj</name>
      </input_file>
      <input_file id="fl-9">
         <kind>object</kind>
         <file>&lt;internal&gt;</file>
         <name>&lt;internal&gt;</name>
      </input_file>
      <input_file id="fl-d">
         <path>C:\ti\C2000Ware_2_00_00_02_Software\driverlib\f2837xd\driverlib\ccs\Debug\</path>
         <kind>archive</kind>
         <file>driverlib_coff.lib</file>
         <name>gpio.obj</name>
      </input_file>
      <input_file id="fl-e">
         <path>C:\ti\C2000Ware_2_00_00_02_Software\driverlib\f2837xd\driverlib\ccs\Debug\</path>
         <kind>archive</kind>
         <file>driverlib_coff.lib</file>
         <name>interrupt.obj</name>
      </input_file>
      <input_file id="fl-f">
         <path>C:\ti\C2000Ware_2_00_00_02_Software\driverlib\f2837xd\driverlib\ccs\Debug\</path>
         <kind>archive</kind>
         <file>driverlib_coff.lib</file>
         <name>sci.obj</name>
      </input_file>
      <input_file id="fl-10">
         <path>C:\ti\C2000Ware_2_00_00_02_Software\driverlib\f2837xd\driverlib\ccs\Debug\</path>
         <kind>archive</kind>
         <file>driverlib_coff.lib</file>
         <name>sysctl.obj</name>
      </input_file>
      <input_file id="fl-1c">
         <path>C:\ti\ccs901\ccs\tools\compiler\ti-cgt-c2000_18.12.1.LTS\lib\</path>
         <kind>archive</kind>
         <file>rts2800_fpu32.lib</file>
         <name>boot28.asm.obj</name>
      </input_file>
      <input_file id="fl-1d">
         <path>C:\ti\ccs901\ccs\tools\compiler\ti-cgt-c2000_18.12.1.LTS\lib\</path>
         <kind>archive</kind>
         <file>rts2800_fpu32.lib</file>
         <name>fs_div28.asm.obj</name>
      </input_file>
      <input_file id="fl-1e">
         <path>C:\ti\ccs901\ccs\tools\compiler\ti-cgt-c2000_18.12.1.LTS\lib\</path>
         <kind>archive</kind>
         <file>rts2800_fpu32.lib</file>
         <name>cpy_tbl.c.obj</name>
      </input_file>
      <input_file id="fl-1f">
         <path>C:\ti\ccs901\ccs\tools\compiler\ti-cgt-c2000_18.12.1.LTS\lib\</path>
         <kind>archive</kind>
         <file>rts2800_fpu32.lib</file>
         <name>memcpy.c.obj</name>
      </input_file>
      <input_file id="fl-20">
         <path>C:\ti\ccs901\ccs\tools\compiler\ti-cgt-c2000_18.12.1.LTS\lib\</path>
         <kind>archive</kind>
         <file>rts2800_fpu32.lib</file>
         <name>pre_init.c.obj</name>
      </input_file>
      <input_file id="fl-21">
         <path>C:\ti\ccs901\ccs\tools\compiler\ti-cgt-c2000_18.12.1.LTS\lib\</path>
         <kind>archive</kind>
         <file>rts2800_fpu32.lib</file>
         <name>startup.c.obj</name>
      </input_file>
      <input_file id="fl-22">
         <path>C:\ti\ccs901\ccs\tools\compiler\ti-cgt-c2000_18.12.1.LTS\lib\</path>
         <kind>archive</kind>
         <file>rts2800_fpu32.lib</file>
         <name>exit.c.obj</name>
      </input_file>
      <input_file id="fl-23">
         <path>C:\ti\ccs901\ccs\tools\compiler\ti-cgt-c2000_18.12.1.LTS\lib\</path>
         <kind>archive</kind>
         <file>rts2800_fpu32.lib</file>
         <name>_lock.c.obj</name>
      </input_file>
      <input_file id="fl-24">
         <path>C:\ti\ccs901\ccs\tools\compiler\ti-cgt-c2000_18.12.1.LTS\lib\</path>
         <kind>archive</kind>
         <file>rts2800_fpu32.lib</file>
         <name>args_main.c.obj</name>
      </input_file>
      <input_file id="fl-25">
         <path>C:\ti\ccs901\ccs\tools\compiler\ti-cgt-c2000_18.12.1.LTS\lib\</path>
         <kind>archive</kind>
         <file>rts2800_fpu32.lib</file>
         <name>ctype.c.obj</name>
      </input_file>
      <input_file id="fl-26">
         <path>C:\ti\ccs901\ccs\tools\compiler\ti-cgt-c2000_18.12.1.LTS\lib\</path>
         <kind>archive</kind>
         <file>rts2800_fpu32.lib</file>
         <name>memory.c.obj</name>
      </input_file>
      <input_file id="fl-27">
         <path>C:\ti\ccs901\ccs\tools\compiler\ti-cgt-c2000_18.12.1.LTS\lib\</path>
         <kind>archive</kind>
         <file>rts2800_fpu32.lib</file>
         <name>memset.c.obj</name>
      </input_file>
   </input_file_list>
   <object_component_list>
      <object_component id="oc-1e">
         <name>codestart</name>
         <load_address>0x0</load_address>
         <run_address>0x0</run_address>
         <size>0x2</size>
         <input_file_ref idref="fl-3"/>
      </object_component>
      <object_component id="oc-22">
         <name>.text:retain</name>
         <load_address>0x8000</load_address>
         <run_address>0x8000</run_address>
         <size>0x144</size>
         <input_file_ref idref="fl-2"/>
      </object_component>
      <object_component id="oc-4c">
         <name>.text</name>
         <load_address>0x8144</load_address>
         <run_address>0x8144</run_address>
         <size>0x56</size>
         <input_file_ref idref="fl-1c"/>
      </object_component>
      <object_component id="oc-a9">
         <name>.text:_GPIO_setPadConfig</name>
         <load_address>0x819a</load_address>
         <run_address>0x819a</run_address>
         <size>0x52</size>
         <input_file_ref idref="fl-d"/>
      </object_component>
      <object_component id="oc-af">
         <name>.text:_SysCtl_getClock</name>
         <load_address>0x81ec</load_address>
         <run_address>0x81ec</run_address>
         <size>0x51</size>
         <input_file_ref idref="fl-10"/>
      </object_component>
      <object_component id="oc-bb">
         <name>.text:_SysCtl_selectOscSource</name>
         <load_address>0x823d</load_address>
         <run_address>0x823d</run_address>
         <size>0x4d</size>
         <input_file_ref idref="fl-10"/>
      </object_component>
      <object_component id="oc-8c">
         <name>.text:_SCI_clearInterruptStatus</name>
         <load_address>0x828a</load_address>
         <run_address>0x828a</run_address>
         <size>0x46</size>
         <input_file_ref idref="fl-f"/>
      </object_component>
      <object_component id="oc-a5">
         <name>.text:_SCI_disableInterrupt</name>
         <load_address>0x82d0</load_address>
         <run_address>0x82d0</run_address>
         <size>0x46</size>
         <input_file_ref idref="fl-f"/>
      </object_component>
      <object_component id="oc-a4">
         <name>.text:_SCI_enableInterrupt</name>
         <load_address>0x8316</load_address>
         <run_address>0x8316</run_address>
         <size>0x44</size>
         <input_file_ref idref="fl-f"/>
      </object_component>
      <object_component id="oc-a3">
         <name>.text:_SCI_setConfig</name>
         <load_address>0x835a</load_address>
         <run_address>0x835a</run_address>
         <size>0x3e</size>
         <input_file_ref idref="fl-f"/>
      </object_component>
      <object_component id="oc-ab">
         <name>.text:_Interrupt_initModule</name>
         <load_address>0x8398</load_address>
         <run_address>0x8398</run_address>
         <size>0x3d</size>
         <input_file_ref idref="fl-e"/>
      </object_component>
      <object_component id="oc-8f">
         <name>.text:_SCI_readCharArray</name>
         <load_address>0x83d5</load_address>
         <run_address>0x83d5</run_address>
         <size>0x3b</size>
         <input_file_ref idref="fl-f"/>
      </object_component>
      <object_component id="oc-a6">
         <name>.text:_GPIO_setMasterCore</name>
         <load_address>0x8410</load_address>
         <run_address>0x8410</run_address>
         <size>0x38</size>
         <input_file_ref idref="fl-d"/>
      </object_component>
      <object_component id="oc-aa">
         <name>.text:_GPIO_setQualificationMode</name>
         <load_address>0x8448</load_address>
         <run_address>0x8448</run_address>
         <size>0x38</size>
         <input_file_ref idref="fl-d"/>
      </object_component>
      <object_component id="oc-a7">
         <name>.text:_GPIO_setPinConfig</name>
         <load_address>0x8480</load_address>
         <run_address>0x8480</run_address>
         <size>0x37</size>
         <input_file_ref idref="fl-d"/>
      </object_component>
      <object_component id="oc-ad">
         <name>.text:_Interrupt_enable</name>
         <load_address>0x84b7</load_address>
         <run_address>0x84b7</run_address>
         <size>0x34</size>
         <input_file_ref idref="fl-e"/>
      </object_component>
      <object_component id="oc-97">
         <name>.text</name>
         <load_address>0x84eb</load_address>
         <run_address>0x84eb</run_address>
         <size>0x29</size>
         <input_file_ref idref="fl-22"/>
      </object_component>
      <object_component id="oc-94">
         <name>.text</name>
         <load_address>0x8514</load_address>
         <run_address>0x8514</run_address>
         <size>0x24</size>
         <input_file_ref idref="fl-1e"/>
      </object_component>
      <object_component id="oc-a0">
         <name>.text:_SCI_isFIFOEnabled</name>
         <load_address>0x8538</load_address>
         <run_address>0x8538</run_address>
         <size>0x22</size>
         <input_file_ref idref="fl-f"/>
      </object_component>
      <object_component id="oc-ac">
         <name>.text:_Interrupt_initVectorTable</name>
         <load_address>0x855a</load_address>
         <run_address>0x855a</run_address>
         <size>0x20</size>
         <input_file_ref idref="fl-e"/>
      </object_component>
      <object_component id="oc-98">
         <name>.text:_SCI_isBaseValid</name>
         <load_address>0x857a</load_address>
         <run_address>0x857a</run_address>
         <size>0x1f</size>
         <input_file_ref idref="fl-f"/>
      </object_component>
      <object_component id="oc-9e">
         <name>.text</name>
         <load_address>0x8599</load_address>
         <run_address>0x8599</run_address>
         <size>0x1d</size>
         <input_file_ref idref="fl-1f"/>
      </object_component>
      <object_component id="oc-a2">
         <name>.text:_SCI_isDataAvailableNonFIFO</name>
         <load_address>0x85b6</load_address>
         <run_address>0x85b6</run_address>
         <size>0x1b</size>
         <input_file_ref idref="fl-f"/>
      </object_component>
      <object_component id="oc-b0">
         <name>.text:_SysCtl_getLowSpeedClock</name>
         <load_address>0x85d1</load_address>
         <run_address>0x85d1</run_address>
         <size>0x1a</size>
         <input_file_ref idref="fl-10"/>
      </object_component>
      <object_component id="oc-b2">
         <name>.text:_SCI_disableModule</name>
         <load_address>0x85eb</load_address>
         <run_address>0x85eb</run_address>
         <size>0x19</size>
         <input_file_ref idref="fl-f"/>
      </object_component>
      <object_component id="oc-99">
         <name>.text:_SCI_performSoftwareReset</name>
         <load_address>0x8604</load_address>
         <run_address>0x8604</run_address>
         <size>0x19</size>
         <input_file_ref idref="fl-f"/>
      </object_component>
      <object_component id="oc-96">
         <name>.text</name>
         <load_address>0x861d</load_address>
         <run_address>0x861d</run_address>
         <size>0x19</size>
         <input_file_ref idref="fl-24"/>
      </object_component>
      <object_component id="oc-a1">
         <name>.text:_SCI_getRxFIFOStatus</name>
         <load_address>0x8636</load_address>
         <run_address>0x8636</run_address>
         <size>0x15</size>
         <input_file_ref idref="fl-f"/>
      </object_component>
      <object_component id="oc-b3">
         <name>.text:_SCI_enableModule</name>
         <load_address>0x864b</load_address>
         <run_address>0x864b</run_address>
         <size>0x14</size>
         <input_file_ref idref="fl-f"/>
      </object_component>
      <object_component id="oc-b4">
         <name>.text:_GPIO_isPinValid</name>
         <load_address>0x865f</load_address>
         <run_address>0x865f</run_address>
         <size>0xe</size>
         <input_file_ref idref="fl-d"/>
      </object_component>
      <object_component id="oc-b6">
         <name>.text:_Interrupt_defaultHandler</name>
         <load_address>0x866d</load_address>
         <run_address>0x866d</run_address>
         <size>0xe</size>
         <input_file_ref idref="fl-e"/>
      </object_component>
      <object_component id="oc-b5">
         <name>.text:_Interrupt_disableMaster</name>
         <load_address>0x867b</load_address>
         <run_address>0x867b</run_address>
         <size>0xd</size>
         <input_file_ref idref="fl-e"/>
      </object_component>
      <object_component id="oc-b9">
         <name>.text:_Interrupt_enableMaster</name>
         <load_address>0x8688</load_address>
         <run_address>0x8688</run_address>
         <size>0xd</size>
         <input_file_ref idref="fl-e"/>
      </object_component>
      <object_component id="oc-9f">
         <name>.text</name>
         <load_address>0x8695</load_address>
         <run_address>0x8695</run_address>
         <size>0xc</size>
         <input_file_ref idref="fl-27"/>
      </object_component>
      <object_component id="oc-ba">
         <name>.text:_SysCtl_isMCDClockFailureDetected</name>
         <load_address>0x86a1</load_address>
         <run_address>0x86a1</run_address>
         <size>0xb</size>
         <input_file_ref idref="fl-10"/>
      </object_component>
      <object_component id="oc-bc">
         <name>.text:_SysCtl_serviceWatchdog</name>
         <load_address>0x86ac</load_address>
         <run_address>0x86ac</run_address>
         <size>0x9</size>
         <input_file_ref idref="fl-10"/>
      </object_component>
      <object_component id="oc-b1">
         <name>.text</name>
         <load_address>0x86b5</load_address>
         <run_address>0x86b5</run_address>
         <size>0x9</size>
         <input_file_ref idref="fl-23"/>
      </object_component>
      <object_component id="oc-b7">
         <name>.text:_Interrupt_nmiHandler</name>
         <load_address>0x86be</load_address>
         <run_address>0x86be</run_address>
         <size>0x2</size>
         <input_file_ref idref="fl-e"/>
      </object_component>
      <object_component id="oc-93">
         <name>.text</name>
         <load_address>0x86c0</load_address>
         <run_address>0x86c0</run_address>
         <size>0x2</size>
         <input_file_ref idref="fl-20"/>
      </object_component>
      <object_component id="oc-95">
         <name>.text</name>
         <load_address>0x86c2</load_address>
         <run_address>0x86c2</run_address>
         <size>0x1</size>
         <input_file_ref idref="fl-21"/>
      </object_component>
      <object_component id="oc-8d">
         <name>.text</name>
         <load_address>0xb000</load_address>
         <run_address>0xb000</run_address>
         <size>0x266</size>
         <input_file_ref idref="fl-26"/>
      </object_component>
      <object_component id="oc-ae">
         <name>.text:_SysCtl_setClock</name>
         <load_address>0xb266</load_address>
         <run_address>0xb266</run_address>
         <size>0x21f</size>
         <input_file_ref idref="fl-10"/>
      </object_component>
      <object_component id="oc-91">
         <name>.text</name>
         <load_address>0xb485</load_address>
         <run_address>0xb485</run_address>
         <size>0x16a</size>
         <input_file_ref idref="fl-2"/>
      </object_component>
      <object_component id="oc-92">
         <name>.text</name>
         <load_address>0xb5ef</load_address>
         <run_address>0xb5ef</run_address>
         <size>0x156</size>
         <input_file_ref idref="fl-4"/>
      </object_component>
      <object_component id="oc-53">
         <name>.text</name>
         <load_address>0xb745</load_address>
         <run_address>0xb745</run_address>
         <size>0x88</size>
         <input_file_ref idref="fl-1d"/>
      </object_component>
      <object_component id="oc-a8">
         <name>.text:_GPIO_setDirectionMode</name>
         <load_address>0xb7cd</load_address>
         <run_address>0xb7cd</run_address>
         <size>0x31</size>
         <input_file_ref idref="fl-d"/>
      </object_component>
      <object_component id="oc-b8">
         <name>.text:_Interrupt_illegalOperationHandler</name>
         <load_address>0xb7fe</load_address>
         <run_address>0xb7fe</run_address>
         <size>0x2</size>
         <input_file_ref idref="fl-e"/>
      </object_component>
      <object_component id="oc-20">
         <name>.cinit</name>
         <load_address>0x122</load_address>
         <run_address>0x122</run_address>
         <size>0x18</size>
         <input_file_ref idref="fl-2"/>
      </object_component>
      <object_component id="oc-2d">
         <name>.cinit</name>
         <load_address>0x13a</load_address>
         <run_address>0x13a</run_address>
         <size>0xf</size>
         <input_file_ref idref="fl-4"/>
      </object_component>
      <object_component id="oc-6d">
         <name>.cinit</name>
         <load_address>0x149</load_address>
         <run_address>0x149</run_address>
         <size>0xe</size>
         <input_file_ref idref="fl-22"/>
      </object_component>
      <object_component id="oc-9b">
         <name>.cinit:__lock</name>
         <load_address>0x157</load_address>
         <run_address>0x157</run_address>
         <size>0x5</size>
         <input_file_ref idref="fl-23"/>
      </object_component>
      <object_component id="oc-9d">
         <name>.cinit:__unlock</name>
         <load_address>0x15c</load_address>
         <run_address>0x15c</run_address>
         <size>0x5</size>
         <input_file_ref idref="fl-23"/>
      </object_component>
      <object_component id="oc-80">
         <name>.cinit</name>
         <load_address>0x161</load_address>
         <run_address>0x161</run_address>
         <size>0x4</size>
         <input_file_ref idref="fl-26"/>
      </object_component>
      <object_component id="oc-4e">
         <name>.reset</name>
         <load_address>0x3fffc0</load_address>
         <run_address>0x3fffc0</run_address>
         <size>0x2</size>
         <input_file_ref idref="fl-1c"/>
      </object_component>
      <object_component id="oc-4d">
         <name>.stack</name>
         <uninitialized>true</uninitialized>
         <run_address>0x400</run_address>
         <size>0x0</size>
         <input_file_ref idref="fl-1c"/>
      </object_component>
      <object_component id="oc-e2">
         <name>.stack</name>
         <uninitialized>true</uninitialized>
         <run_address>0x400</run_address>
         <size>0x0</size>
      </object_component>
      <object_component id="oc-21">
         <name>.ebss</name>
         <uninitialized>true</uninitialized>
         <run_address>0xacac</run_address>
         <size>0xe</size>
         <input_file_ref idref="fl-2"/>
      </object_component>
      <object_component id="oc-2e">
         <name>.ebss</name>
         <uninitialized>true</uninitialized>
         <run_address>0xacba</run_address>
         <size>0x6</size>
         <input_file_ref idref="fl-4"/>
      </object_component>
      <object_component id="oc-6e">
         <name>.ebss</name>
         <uninitialized>true</uninitialized>
         <run_address>0xacc0</run_address>
         <size>0x6</size>
         <input_file_ref idref="fl-22"/>
      </object_component>
      <object_component id="oc-81">
         <name>.ebss</name>
         <uninitialized>true</uninitialized>
         <run_address>0xacc6</run_address>
         <size>0x4</size>
         <input_file_ref idref="fl-26"/>
      </object_component>
      <object_component id="oc-9a">
         <name>.ebss:__lock</name>
         <uninitialized>true</uninitialized>
         <run_address>0xacca</run_address>
         <size>0x2</size>
         <input_file_ref idref="fl-23"/>
      </object_component>
      <object_component id="oc-9c">
         <name>.ebss:__unlock</name>
         <uninitialized>true</uninitialized>
         <run_address>0xaccc</run_address>
         <size>0x2</size>
         <input_file_ref idref="fl-23"/>
      </object_component>
      <object_component id="oc-8e">
         <name>.ebss:_rcvdArray</name>
         <uninitialized>true</uninitialized>
         <run_address>0x17000</run_address>
         <size>0x400</size>
         <input_file_ref idref="fl-2"/>
      </object_component>
      <object_component id="oc-90">
         <name>.econst:.string:__ctypes_</name>
         <load_address>0xa800</load_address>
         <run_address>0xa800</run_address>
         <size>0x101</size>
         <input_file_ref idref="fl-25"/>
      </object_component>
      <object_component id="oc-34">
         <name>.econst:.string</name>
         <load_address>0xa902</load_address>
         <run_address>0xa902</run_address>
         <size>0xc8</size>
         <input_file_ref idref="fl-d"/>
      </object_component>
      <object_component id="oc-40">
         <name>.econst:.string</name>
         <load_address>0xa9ca</load_address>
         <run_address>0xa9ca</run_address>
         <size>0xc7</size>
         <input_file_ref idref="fl-f"/>
      </object_component>
      <object_component id="oc-3a">
         <name>.econst:.string</name>
         <load_address>0xaa92</load_address>
         <run_address>0xaa92</run_address>
         <size>0x69</size>
         <input_file_ref idref="fl-e"/>
      </object_component>
      <object_component id="oc-47">
         <name>.econst:.string</name>
         <load_address>0xaafc</load_address>
         <run_address>0xaafc</run_address>
         <size>0x66</size>
         <input_file_ref idref="fl-10"/>
      </object_component>
      <object_component id="oc-23">
         <name>.econst:.string</name>
         <load_address>0xab62</load_address>
         <run_address>0xab62</run_address>
         <size>0x4a</size>
         <input_file_ref idref="fl-2"/>
      </object_component>
      <object_component id="oc-82">
         <name>.esysmem</name>
         <uninitialized>true</uninitialized>
         <run_address>0xabac</run_address>
         <size>0x4</size>
         <input_file_ref idref="fl-26"/>
      </object_component>
      <object_component id="oc-e3">
         <name>.esysmem</name>
         <uninitialized>true</uninitialized>
         <run_address>0xabac</run_address>
         <size>0x0</size>
      </object_component>
      <object_component id="oc-46">
         <name>.TI.ramfunc</name>
         <load_address>0x167</load_address>
         <run_address>0x167</run_address>
         <size>0x4</size>
         <input_file_ref idref="fl-10"/>
      </object_component>
      <object_component id="oc-1f">
         <name>.debug_info</name>
         <load_address>0x0</load_address>
         <run_address>0x0</run_address>
         <size>0x1392</size>
         <input_file_ref idref="fl-2"/>
      </object_component>
      <object_component id="oc-29">
         <name>.debug_info</name>
         <load_address>0x1392</load_address>
         <run_address>0x1392</run_address>
         <size>0x10f</size>
         <input_file_ref idref="fl-3"/>
      </object_component>
      <object_component id="oc-2c">
         <name>.debug_info</name>
         <load_address>0x14a1</load_address>
         <run_address>0x14a1</run_address>
         <size>0x12a0</size>
         <input_file_ref idref="fl-4"/>
      </object_component>
      <object_component id="oc-33">
         <name>.debug_info</name>
         <load_address>0x2741</load_address>
         <run_address>0x2741</run_address>
         <size>0x10bd</size>
         <input_file_ref idref="fl-d"/>
      </object_component>
      <object_component id="oc-39">
         <name>.debug_info</name>
         <load_address>0x37fe</load_address>
         <run_address>0x37fe</run_address>
         <size>0xe25</size>
         <input_file_ref idref="fl-e"/>
      </object_component>
      <object_component id="oc-3f">
         <name>.debug_info</name>
         <load_address>0x4623</load_address>
         <run_address>0x4623</run_address>
         <size>0x1835</size>
         <input_file_ref idref="fl-f"/>
      </object_component>
      <object_component id="oc-45">
         <name>.debug_info</name>
         <load_address>0x5e58</load_address>
         <run_address>0x5e58</run_address>
         <size>0x10bc</size>
         <input_file_ref idref="fl-10"/>
      </object_component>
      <object_component id="oc-4f">
         <name>.debug_info</name>
         <load_address>0x6f14</load_address>
         <run_address>0x6f14</run_address>
         <size>0x177</size>
         <input_file_ref idref="fl-1c"/>
      </object_component>
      <object_component id="oc-54">
         <name>.debug_info</name>
         <load_address>0x708b</load_address>
         <run_address>0x708b</run_address>
         <size>0x118</size>
         <input_file_ref idref="fl-1d"/>
      </object_component>
      <object_component id="oc-58">
         <name>.debug_info</name>
         <load_address>0x71a3</load_address>
         <run_address>0x71a3</run_address>
         <size>0x535</size>
         <input_file_ref idref="fl-1e"/>
      </object_component>
      <object_component id="oc-5d">
         <name>.debug_info</name>
         <load_address>0x76d8</load_address>
         <run_address>0x76d8</run_address>
         <size>0x430</size>
         <input_file_ref idref="fl-1f"/>
      </object_component>
      <object_component id="oc-62">
         <name>.debug_info</name>
         <load_address>0x7b08</load_address>
         <run_address>0x7b08</run_address>
         <size>0x3a3</size>
         <input_file_ref idref="fl-20"/>
      </object_component>
      <object_component id="oc-67">
         <name>.debug_info</name>
         <load_address>0x7eab</load_address>
         <run_address>0x7eab</run_address>
         <size>0x3a0</size>
         <input_file_ref idref="fl-21"/>
      </object_component>
      <object_component id="oc-6c">
         <name>.debug_info</name>
         <load_address>0x824b</load_address>
         <run_address>0x824b</run_address>
         <size>0x53a</size>
         <input_file_ref idref="fl-22"/>
      </object_component>
      <object_component id="oc-73">
         <name>.debug_info</name>
         <load_address>0x8785</load_address>
         <run_address>0x8785</run_address>
         <size>0x4c2</size>
         <input_file_ref idref="fl-23"/>
      </object_component>
      <object_component id="oc-78">
         <name>.debug_info</name>
         <load_address>0x8c47</load_address>
         <run_address>0x8c47</run_address>
         <size>0x45d</size>
         <input_file_ref idref="fl-24"/>
      </object_component>
      <object_component id="oc-7d">
         <name>.debug_info</name>
         <load_address>0x90a4</load_address>
         <run_address>0x90a4</run_address>
         <size>0x1eb</size>
         <input_file_ref idref="fl-25"/>
      </object_component>
      <object_component id="oc-7f">
         <name>.debug_info</name>
         <load_address>0x928f</load_address>
         <run_address>0x928f</run_address>
         <size>0xf1d</size>
         <input_file_ref idref="fl-26"/>
      </object_component>
      <object_component id="oc-87">
         <name>.debug_info</name>
         <load_address>0xa1ac</load_address>
         <run_address>0xa1ac</run_address>
         <size>0x4fe</size>
         <input_file_ref idref="fl-27"/>
      </object_component>
      <object_component id="oc-e8">
         <name>.debug_info</name>
         <load_address>0xa6aa</load_address>
         <run_address>0xa6aa</run_address>
         <size>0xb6</size>
      </object_component>
      <object_component id="oc-24">
         <name>.debug_frame</name>
         <load_address>0x0</load_address>
         <run_address>0x0</run_address>
         <size>0x1c8</size>
         <input_file_ref idref="fl-2"/>
      </object_component>
      <object_component id="oc-2f">
         <name>.debug_frame</name>
         <load_address>0x1c8</load_address>
         <run_address>0x1c8</run_address>
         <size>0x12c</size>
         <input_file_ref idref="fl-4"/>
      </object_component>
      <object_component id="oc-35">
         <name>.debug_frame</name>
         <load_address>0x2f4</load_address>
         <run_address>0x2f4</run_address>
         <size>0xd0</size>
         <input_file_ref idref="fl-d"/>
      </object_component>
      <object_component id="oc-3b">
         <name>.debug_frame</name>
         <load_address>0x3c4</load_address>
         <run_address>0x3c4</run_address>
         <size>0xf0</size>
         <input_file_ref idref="fl-e"/>
      </object_component>
      <object_component id="oc-41">
         <name>.debug_frame</name>
         <load_address>0x4b4</load_address>
         <run_address>0x4b4</run_address>
         <size>0x178</size>
         <input_file_ref idref="fl-f"/>
      </object_component>
      <object_component id="oc-48">
         <name>.debug_frame</name>
         <load_address>0x62c</load_address>
         <run_address>0x62c</run_address>
         <size>0xd4</size>
         <input_file_ref idref="fl-10"/>
      </object_component>
      <object_component id="oc-59">
         <name>.debug_frame</name>
         <load_address>0x700</load_address>
         <run_address>0x700</run_address>
         <size>0x60</size>
         <input_file_ref idref="fl-1e"/>
      </object_component>
      <object_component id="oc-5e">
         <name>.debug_frame</name>
         <load_address>0x760</load_address>
         <run_address>0x760</run_address>
         <size>0x40</size>
         <input_file_ref idref="fl-1f"/>
      </object_component>
      <object_component id="oc-63">
         <name>.debug_frame</name>
         <load_address>0x7a0</load_address>
         <run_address>0x7a0</run_address>
         <size>0x40</size>
         <input_file_ref idref="fl-20"/>
      </object_component>
      <object_component id="oc-68">
         <name>.debug_frame</name>
         <load_address>0x7e0</load_address>
         <run_address>0x7e0</run_address>
         <size>0x40</size>
         <input_file_ref idref="fl-21"/>
      </object_component>
      <object_component id="oc-6f">
         <name>.debug_frame</name>
         <load_address>0x820</load_address>
         <run_address>0x820</run_address>
         <size>0x60</size>
         <input_file_ref idref="fl-22"/>
      </object_component>
      <object_component id="oc-74">
         <name>.debug_frame</name>
         <load_address>0x880</load_address>
         <run_address>0x880</run_address>
         <size>0x70</size>
         <input_file_ref idref="fl-23"/>
      </object_component>
      <object_component id="oc-79">
         <name>.debug_frame</name>
         <load_address>0x8f0</load_address>
         <run_address>0x8f0</run_address>
         <size>0x40</size>
         <input_file_ref idref="fl-24"/>
      </object_component>
      <object_component id="oc-83">
         <name>.debug_frame</name>
         <load_address>0x930</load_address>
         <run_address>0x930</run_address>
         <size>0x1c0</size>
         <input_file_ref idref="fl-26"/>
      </object_component>
      <object_component id="oc-88">
         <name>.debug_frame</name>
         <load_address>0xaf0</load_address>
         <run_address>0xaf0</run_address>
         <size>0x40</size>
         <input_file_ref idref="fl-27"/>
      </object_component>
      <object_component id="oc-25">
         <name>.debug_line</name>
         <load_address>0x0</load_address>
         <run_address>0x0</run_address>
         <size>0x3c1</size>
         <input_file_ref idref="fl-2"/>
      </object_component>
      <object_component id="oc-28">
         <name>.debug_line</name>
         <load_address>0x3c1</load_address>
         <run_address>0x3c1</run_address>
         <size>0x54</size>
         <input_file_ref idref="fl-3"/>
      </object_component>
      <object_component id="oc-30">
         <name>.debug_line</name>
         <load_address>0x415</load_address>
         <run_address>0x415</run_address>
         <size>0x20c</size>
         <input_file_ref idref="fl-4"/>
      </object_component>
      <object_component id="oc-36">
         <name>.debug_line</name>
         <load_address>0x621</load_address>
         <run_address>0x621</run_address>
         <size>0x26a</size>
         <input_file_ref idref="fl-d"/>
      </object_component>
      <object_component id="oc-3c">
         <name>.debug_line</name>
         <load_address>0x88b</load_address>
         <run_address>0x88b</run_address>
         <size>0x216</size>
         <input_file_ref idref="fl-e"/>
      </object_component>
      <object_component id="oc-42">
         <name>.debug_line</name>
         <load_address>0xaa1</load_address>
         <run_address>0xaa1</run_address>
         <size>0x2ae</size>
         <input_file_ref idref="fl-f"/>
      </object_component>
      <object_component id="oc-49">
         <name>.debug_line</name>
         <load_address>0xd4f</load_address>
         <run_address>0xd4f</run_address>
         <size>0x381</size>
         <input_file_ref idref="fl-10"/>
      </object_component>
      <object_component id="oc-50">
         <name>.debug_line</name>
         <load_address>0x10d0</load_address>
         <run_address>0x10d0</run_address>
         <size>0x7e</size>
         <input_file_ref idref="fl-1c"/>
      </object_component>
      <object_component id="oc-55">
         <name>.debug_line</name>
         <load_address>0x114e</load_address>
         <run_address>0x114e</run_address>
         <size>0xad</size>
         <input_file_ref idref="fl-1d"/>
      </object_component>
      <object_component id="oc-5a">
         <name>.debug_line</name>
         <load_address>0x11fb</load_address>
         <run_address>0x11fb</run_address>
         <size>0x50</size>
         <input_file_ref idref="fl-1e"/>
      </object_component>
      <object_component id="oc-5f">
         <name>.debug_line</name>
         <load_address>0x124b</load_address>
         <run_address>0x124b</run_address>
         <size>0x62</size>
         <input_file_ref idref="fl-1f"/>
      </object_component>
      <object_component id="oc-64">
         <name>.debug_line</name>
         <load_address>0x12ad</load_address>
         <run_address>0x12ad</run_address>
         <size>0x3e</size>
         <input_file_ref idref="fl-20"/>
      </object_component>
      <object_component id="oc-69">
         <name>.debug_line</name>
         <load_address>0x12eb</load_address>
         <run_address>0x12eb</run_address>
         <size>0x3a</size>
         <input_file_ref idref="fl-21"/>
      </object_component>
      <object_component id="oc-70">
         <name>.debug_line</name>
         <load_address>0x1325</load_address>
         <run_address>0x1325</run_address>
         <size>0x65</size>
         <input_file_ref idref="fl-22"/>
      </object_component>
      <object_component id="oc-75">
         <name>.debug_line</name>
         <load_address>0x138a</load_address>
         <run_address>0x138a</run_address>
         <size>0x5e</size>
         <input_file_ref idref="fl-23"/>
      </object_component>
      <object_component id="oc-7a">
         <name>.debug_line</name>
         <load_address>0x13e8</load_address>
         <run_address>0x13e8</run_address>
         <size>0x55</size>
         <input_file_ref idref="fl-24"/>
      </object_component>
      <object_component id="oc-84">
         <name>.debug_line</name>
         <load_address>0x143d</load_address>
         <run_address>0x143d</run_address>
         <size>0x3fc</size>
         <input_file_ref idref="fl-26"/>
      </object_component>
      <object_component id="oc-89">
         <name>.debug_line</name>
         <load_address>0x1839</load_address>
         <run_address>0x1839</run_address>
         <size>0xb4</size>
         <input_file_ref idref="fl-27"/>
      </object_component>
      <object_component id="oc-26">
         <name>.debug_abbrev</name>
         <load_address>0x0</load_address>
         <run_address>0x0</run_address>
         <size>0x210</size>
         <input_file_ref idref="fl-2"/>
      </object_component>
      <object_component id="oc-2a">
         <name>.debug_abbrev</name>
         <load_address>0x210</load_address>
         <run_address>0x210</run_address>
         <size>0x21</size>
         <input_file_ref idref="fl-3"/>
      </object_component>
      <object_component id="oc-31">
         <name>.debug_abbrev</name>
         <load_address>0x231</load_address>
         <run_address>0x231</run_address>
         <size>0x166</size>
         <input_file_ref idref="fl-4"/>
      </object_component>
      <object_component id="oc-37">
         <name>.debug_abbrev</name>
         <load_address>0x397</load_address>
         <run_address>0x397</run_address>
         <size>0x1c8</size>
         <input_file_ref idref="fl-d"/>
      </object_component>
      <object_component id="oc-3d">
         <name>.debug_abbrev</name>
         <load_address>0x55f</load_address>
         <run_address>0x55f</run_address>
         <size>0x19c</size>
         <input_file_ref idref="fl-e"/>
      </object_component>
      <object_component id="oc-43">
         <name>.debug_abbrev</name>
         <load_address>0x6fb</load_address>
         <run_address>0x6fb</run_address>
         <size>0x19d</size>
         <input_file_ref idref="fl-f"/>
      </object_component>
      <object_component id="oc-4a">
         <name>.debug_abbrev</name>
         <load_address>0x898</load_address>
         <run_address>0x898</run_address>
         <size>0x191</size>
         <input_file_ref idref="fl-10"/>
      </object_component>
      <object_component id="oc-51">
         <name>.debug_abbrev</name>
         <load_address>0xa29</load_address>
         <run_address>0xa29</run_address>
         <size>0x46</size>
         <input_file_ref idref="fl-1c"/>
      </object_component>
      <object_component id="oc-56">
         <name>.debug_abbrev</name>
         <load_address>0xa6f</load_address>
         <run_address>0xa6f</run_address>
         <size>0x38</size>
         <input_file_ref idref="fl-1d"/>
      </object_component>
      <object_component id="oc-5b">
         <name>.debug_abbrev</name>
         <load_address>0xaa7</load_address>
         <run_address>0xaa7</run_address>
         <size>0xe3</size>
         <input_file_ref idref="fl-1e"/>
      </object_component>
      <object_component id="oc-60">
         <name>.debug_abbrev</name>
         <load_address>0xb8a</load_address>
         <run_address>0xb8a</run_address>
         <size>0xa8</size>
         <input_file_ref idref="fl-1f"/>
      </object_component>
      <object_component id="oc-65">
         <name>.debug_abbrev</name>
         <load_address>0xc32</load_address>
         <run_address>0xc32</run_address>
         <size>0x68</size>
         <input_file_ref idref="fl-20"/>
      </object_component>
      <object_component id="oc-6a">
         <name>.debug_abbrev</name>
         <load_address>0xc9a</load_address>
         <run_address>0xc9a</run_address>
         <size>0x66</size>
         <input_file_ref idref="fl-21"/>
      </object_component>
      <object_component id="oc-71">
         <name>.debug_abbrev</name>
         <load_address>0xd00</load_address>
         <run_address>0xd00</run_address>
         <size>0x130</size>
         <input_file_ref idref="fl-22"/>
      </object_component>
      <object_component id="oc-76">
         <name>.debug_abbrev</name>
         <load_address>0xe30</load_address>
         <run_address>0xe30</run_address>
         <size>0xb2</size>
         <input_file_ref idref="fl-23"/>
      </object_component>
      <object_component id="oc-7b">
         <name>.debug_abbrev</name>
         <load_address>0xee2</load_address>
         <run_address>0xee2</run_address>
         <size>0xee</size>
         <input_file_ref idref="fl-24"/>
      </object_component>
      <object_component id="oc-7e">
         <name>.debug_abbrev</name>
         <load_address>0xfd0</load_address>
         <run_address>0xfd0</run_address>
         <size>0x57</size>
         <input_file_ref idref="fl-25"/>
      </object_component>
      <object_component id="oc-85">
         <name>.debug_abbrev</name>
         <load_address>0x1027</load_address>
         <run_address>0x1027</run_address>
         <size>0x198</size>
         <input_file_ref idref="fl-26"/>
      </object_component>
      <object_component id="oc-8a">
         <name>.debug_abbrev</name>
         <load_address>0x11bf</load_address>
         <run_address>0x11bf</run_address>
         <size>0xa8</size>
         <input_file_ref idref="fl-27"/>
      </object_component>
      <object_component id="oc-e9">
         <name>.debug_abbrev</name>
         <load_address>0x1267</load_address>
         <run_address>0x1267</run_address>
         <size>0xf</size>
      </object_component>
      <object_component id="oc-27">
         <name>.debug_aranges</name>
         <load_address>0x0</load_address>
         <run_address>0x0</run_address>
         <size>0x48</size>
         <input_file_ref idref="fl-2"/>
      </object_component>
      <object_component id="oc-2b">
         <name>.debug_aranges</name>
         <load_address>0x48</load_address>
         <run_address>0x48</run_address>
         <size>0x20</size>
         <input_file_ref idref="fl-3"/>
      </object_component>
      <object_component id="oc-32">
         <name>.debug_aranges</name>
         <load_address>0x68</load_address>
         <run_address>0x68</run_address>
         <size>0x68</size>
         <input_file_ref idref="fl-4"/>
      </object_component>
      <object_component id="oc-38">
         <name>.debug_aranges</name>
         <load_address>0xd0</load_address>
         <run_address>0xd0</run_address>
         <size>0x48</size>
         <input_file_ref idref="fl-d"/>
      </object_component>
      <object_component id="oc-3e">
         <name>.debug_aranges</name>
         <load_address>0x118</load_address>
         <run_address>0x118</run_address>
         <size>0x58</size>
         <input_file_ref idref="fl-e"/>
      </object_component>
      <object_component id="oc-44">
         <name>.debug_aranges</name>
         <load_address>0x170</load_address>
         <run_address>0x170</run_address>
         <size>0x78</size>
         <input_file_ref idref="fl-f"/>
      </object_component>
      <object_component id="oc-4b">
         <name>.debug_aranges</name>
         <load_address>0x1e8</load_address>
         <run_address>0x1e8</run_address>
         <size>0x48</size>
         <input_file_ref idref="fl-10"/>
      </object_component>
      <object_component id="oc-52">
         <name>.debug_aranges</name>
         <load_address>0x230</load_address>
         <run_address>0x230</run_address>
         <size>0x20</size>
         <input_file_ref idref="fl-1c"/>
      </object_component>
      <object_component id="oc-57">
         <name>.debug_aranges</name>
         <load_address>0x250</load_address>
         <run_address>0x250</run_address>
         <size>0x20</size>
         <input_file_ref idref="fl-1d"/>
      </object_component>
      <object_component id="oc-5c">
         <name>.debug_aranges</name>
         <load_address>0x270</load_address>
         <run_address>0x270</run_address>
         <size>0x20</size>
         <input_file_ref idref="fl-1e"/>
      </object_component>
      <object_component id="oc-61">
         <name>.debug_aranges</name>
         <load_address>0x290</load_address>
         <run_address>0x290</run_address>
         <size>0x20</size>
         <input_file_ref idref="fl-1f"/>
      </object_component>
      <object_component id="oc-66">
         <name>.debug_aranges</name>
         <load_address>0x2b0</load_address>
         <run_address>0x2b0</run_address>
         <size>0x20</size>
         <input_file_ref idref="fl-20"/>
      </object_component>
      <object_component id="oc-6b">
         <name>.debug_aranges</name>
         <load_address>0x2d0</load_address>
         <run_address>0x2d0</run_address>
         <size>0x20</size>
         <input_file_ref idref="fl-21"/>
      </object_component>
      <object_component id="oc-72">
         <name>.debug_aranges</name>
         <load_address>0x2f0</load_address>
         <run_address>0x2f0</run_address>
         <size>0x28</size>
         <input_file_ref idref="fl-22"/>
      </object_component>
      <object_component id="oc-77">
         <name>.debug_aranges</name>
         <load_address>0x318</load_address>
         <run_address>0x318</run_address>
         <size>0x30</size>
         <input_file_ref idref="fl-23"/>
      </object_component>
      <object_component id="oc-7c">
         <name>.debug_aranges</name>
         <load_address>0x348</load_address>
         <run_address>0x348</run_address>
         <size>0x20</size>
         <input_file_ref idref="fl-24"/>
      </object_component>
      <object_component id="oc-86">
         <name>.debug_aranges</name>
         <load_address>0x368</load_address>
         <run_address>0x368</run_address>
         <size>0x78</size>
         <input_file_ref idref="fl-26"/>
      </object_component>
      <object_component id="oc-8b">
         <name>.debug_aranges</name>
         <load_address>0x3e0</load_address>
         <run_address>0x3e0</run_address>
         <size>0x20</size>
         <input_file_ref idref="fl-27"/>
      </object_component>
   </object_component_list>
   <logical_group_list>
      <logical_group id="lg-2" display="no" color="cyan">
         <name>codestart</name>
         <load_address>0x0</load_address>
         <run_address>0x0</run_address>
         <size>0x2</size>
         <contents>
            <object_component_ref idref="oc-1e"/>
         </contents>
      </logical_group>
      <logical_group id="lg-e4" display="no" color="cyan">
         <name>.text.1</name>
         <load_address>0x8000</load_address>
         <run_address>0x8000</run_address>
         <size>0x6c3</size>
         <contents>
            <object_component_ref idref="oc-22"/>
            <object_component_ref idref="oc-4c"/>
            <object_component_ref idref="oc-a9"/>
            <object_component_ref idref="oc-af"/>
            <object_component_ref idref="oc-bb"/>
            <object_component_ref idref="oc-8c"/>
            <object_component_ref idref="oc-a5"/>
            <object_component_ref idref="oc-a4"/>
            <object_component_ref idref="oc-a3"/>
            <object_component_ref idref="oc-ab"/>
            <object_component_ref idref="oc-8f"/>
            <object_component_ref idref="oc-a6"/>
            <object_component_ref idref="oc-aa"/>
            <object_component_ref idref="oc-a7"/>
            <object_component_ref idref="oc-ad"/>
            <object_component_ref idref="oc-97"/>
            <object_component_ref idref="oc-94"/>
            <object_component_ref idref="oc-a0"/>
            <object_component_ref idref="oc-ac"/>
            <object_component_ref idref="oc-98"/>
            <object_component_ref idref="oc-9e"/>
            <object_component_ref idref="oc-a2"/>
            <object_component_ref idref="oc-b0"/>
            <object_component_ref idref="oc-b2"/>
            <object_component_ref idref="oc-99"/>
            <object_component_ref idref="oc-96"/>
            <object_component_ref idref="oc-a1"/>
            <object_component_ref idref="oc-b3"/>
            <object_component_ref idref="oc-b4"/>
            <object_component_ref idref="oc-b6"/>
            <object_component_ref idref="oc-b5"/>
            <object_component_ref idref="oc-b9"/>
            <object_component_ref idref="oc-9f"/>
            <object_component_ref idref="oc-ba"/>
            <object_component_ref idref="oc-bc"/>
            <object_component_ref idref="oc-b1"/>
            <object_component_ref idref="oc-b7"/>
            <object_component_ref idref="oc-93"/>
            <object_component_ref idref="oc-95"/>
         </contents>
      </logical_group>
      <logical_group id="lg-e5" display="no" color="cyan">
         <name>.text.2</name>
         <load_address>0xb000</load_address>
         <run_address>0xb000</run_address>
         <size>0x800</size>
         <contents>
            <object_component_ref idref="oc-8d"/>
            <object_component_ref idref="oc-ae"/>
            <object_component_ref idref="oc-91"/>
            <object_component_ref idref="oc-92"/>
            <object_component_ref idref="oc-53"/>
            <object_component_ref idref="oc-a8"/>
            <object_component_ref idref="oc-b8"/>
         </contents>
      </logical_group>
      <split_section id="lg-3" display="no" color="cyan">
         <name>.text</name>
         <contents>
            <logical_group_ref idref="lg-e4"/>
            <logical_group_ref idref="lg-e5"/>
         </contents>
      </split_section>
      <logical_group id="lg-4" display="no" color="cyan">
         <name>.cinit</name>
         <load_address>0x122</load_address>
         <run_address>0x122</run_address>
         <size>0x45</size>
         <contents>
            <object_component_ref idref="oc-20"/>
            <object_component_ref idref="oc-2d"/>
            <object_component_ref idref="oc-6d"/>
            <object_component_ref idref="oc-9b"/>
            <object_component_ref idref="oc-9d"/>
            <object_component_ref idref="oc-80"/>
         </contents>
      </logical_group>
      <logical_group id="lg-5" display="no" color="cyan">
         <name>.switch</name>
         <run_address>0x0</run_address>
         <size>0x0</size>
         <contents>
         </contents>
      </logical_group>
      <logical_group id="lg-6" display="no" color="cyan">
         <name>.reset</name>
         <load_address>0x3fffc0</load_address>
         <run_address>0x3fffc0</run_address>
         <size>0x2</size>
         <contents>
            <object_component_ref idref="oc-4e"/>
         </contents>
      </logical_group>
      <logical_group id="lg-7" display="no" color="cyan">
         <name>.stack</name>
         <run_address>0x400</run_address>
         <size>0x100</size>
         <contents>
            <object_component_ref idref="oc-4d"/>
            <object_component_ref idref="oc-e2"/>
         </contents>
      </logical_group>
      <logical_group id="lg-8" display="no" color="cyan">
         <name>.pinit</name>
         <run_address>0x0</run_address>
         <size>0x0</size>
         <contents>
         </contents>
      </logical_group>
      <logical_group id="lg-e6" display="no" color="cyan">
         <name>.ebss.1</name>
         <run_address>0xacac</run_address>
         <size>0x22</size>
         <contents>
            <object_component_ref idref="oc-21"/>
            <object_component_ref idref="oc-2e"/>
            <object_component_ref idref="oc-6e"/>
            <object_component_ref idref="oc-81"/>
            <object_component_ref idref="oc-9a"/>
            <object_component_ref idref="oc-9c"/>
         </contents>
      </logical_group>
      <logical_group id="lg-e7" display="no" color="cyan">
         <name>.ebss.2</name>
         <run_address>0x17000</run_address>
         <size>0x400</size>
         <contents>
            <object_component_ref idref="oc-8e"/>
         </contents>
      </logical_group>
      <split_section id="lg-9" display="no" color="cyan">
         <name>.ebss</name>
         <contents>
            <logical_group_ref idref="lg-e6"/>
            <logical_group_ref idref="lg-e7"/>
         </contents>
      </split_section>
      <logical_group id="lg-a" display="no" color="cyan">
         <name>.econst</name>
         <load_address>0xa800</load_address>
         <run_address>0xa800</run_address>
         <size>0x3ac</size>
         <contents>
            <object_component_ref idref="oc-90"/>
            <object_component_ref idref="oc-34"/>
            <object_component_ref idref="oc-40"/>
            <object_component_ref idref="oc-3a"/>
            <object_component_ref idref="oc-47"/>
            <object_component_ref idref="oc-23"/>
         </contents>
      </logical_group>
      <logical_group id="lg-b" display="no" color="cyan">
         <name>.esysmem</name>
         <run_address>0xabac</run_address>
         <size>0x100</size>
         <contents>
            <object_component_ref idref="oc-82"/>
            <object_component_ref idref="oc-e3"/>
         </contents>
      </logical_group>
      <logical_group id="lg-c" display="no" color="cyan">
         <name>Filter_RegsFile</name>
         <run_address>0x0</run_address>
         <size>0x0</size>
         <contents>
         </contents>
      </logical_group>
      <logical_group id="lg-d" display="no" color="cyan">
         <name>ramgs0</name>
         <run_address>0x0</run_address>
         <size>0x0</size>
         <contents>
         </contents>
      </logical_group>
      <logical_group id="lg-e" display="no" color="cyan">
         <name>ramgs1</name>
         <run_address>0x0</run_address>
         <size>0x0</size>
         <contents>
         </contents>
      </logical_group>
      <logical_group id="lg-f" display="no" color="cyan">
         <name>.TI.ramfunc</name>
         <load_address>0x167</load_address>
         <run_address>0x167</run_address>
         <size>0x4</size>
         <contents>
            <object_component_ref idref="oc-46"/>
         </contents>
      </logical_group>
      <logical_group id="lg-11" display="no" color="cyan">
         <name>PUTBUFFER</name>
         <run_address>0x0</run_address>
         <size>0x0</size>
         <contents>
         </contents>
      </logical_group>
      <logical_group id="lg-12" display="no" color="cyan">
         <name>PUTWRITEIDX</name>
         <run_address>0x0</run_address>
         <size>0x0</size>
         <contents>
         </contents>
      </logical_group>
      <logical_group id="lg-13" display="no" color="cyan">
         <name>GETREADIDX</name>
         <run_address>0x0</run_address>
         <size>0x0</size>
         <contents>
         </contents>
      </logical_group>
      <logical_group id="lg-10" display="no" color="cyan">
         <name>GROUP_1</name>
         <run_address>0x0</run_address>
         <size>0x0</size>
         <contents>
            <logical_group_ref idref="lg-11"/>
            <logical_group_ref idref="lg-12"/>
            <logical_group_ref idref="lg-13"/>
         </contents>
      </logical_group>
      <logical_group id="lg-15" display="no" color="cyan">
         <name>GETBUFFER</name>
         <run_address>0x3f800</run_address>
         <size>0x0</size>
         <contents>
         </contents>
      </logical_group>
      <logical_group id="lg-16" display="no" color="cyan">
         <name>GETWRITEIDX</name>
         <run_address>0x3f800</run_address>
         <size>0x0</size>
         <contents>
         </contents>
      </logical_group>
      <logical_group id="lg-17" display="no" color="cyan">
         <name>PUTREADIDX</name>
         <run_address>0x3f800</run_address>
         <size>0x0</size>
         <contents>
         </contents>
      </logical_group>
      <logical_group id="lg-14" display="no" color="cyan">
         <name>GROUP_2</name>
         <run_address>0x3f800</run_address>
         <size>0x0</size>
         <contents>
            <logical_group_ref idref="lg-15"/>
            <logical_group_ref idref="lg-16"/>
            <logical_group_ref idref="lg-17"/>
         </contents>
      </logical_group>
      <logical_group id="lg-18" display="no" color="cyan">
         <name>Filter1_RegsFile</name>
         <load_address>0xd000</load_address>
         <run_address>0xd000</run_address>
         <size>0x0</size>
         <contents>
         </contents>
      </logical_group>
      <logical_group id="lg-19" display="no" color="cyan">
         <name>Filter2_RegsFile</name>
         <load_address>0xe000</load_address>
         <run_address>0xe000</run_address>
         <size>0x0</size>
         <contents>
         </contents>
      </logical_group>
      <logical_group id="lg-1a" display="no" color="cyan">
         <name>Filter3_RegsFile</name>
         <load_address>0xf000</load_address>
         <run_address>0xf000</run_address>
         <size>0x0</size>
         <contents>
         </contents>
      </logical_group>
      <logical_group id="lg-1b" display="no" color="cyan">
         <name>Filter4_RegsFile</name>
         <load_address>0x10000</load_address>
         <run_address>0x10000</run_address>
         <size>0x0</size>
         <contents>
         </contents>
      </logical_group>
      <logical_group id="lg-1c" display="no" color="cyan">
         <name>Difference_RegsFile</name>
         <load_address>0x11000</load_address>
         <run_address>0x11000</run_address>
         <size>0x0</size>
         <contents>
         </contents>
      </logical_group>
      <logical_group id="lg-d6" display="never" color="cyan">
         <name>.debug_info</name>
         <load_address>0x0</load_address>
         <run_address>0x0</run_address>
         <size>0xa760</size>
         <contents>
            <object_component_ref idref="oc-1f"/>
            <object_component_ref idref="oc-29"/>
            <object_component_ref idref="oc-2c"/>
            <object_component_ref idref="oc-33"/>
            <object_component_ref idref="oc-39"/>
            <object_component_ref idref="oc-3f"/>
            <object_component_ref idref="oc-45"/>
            <object_component_ref idref="oc-4f"/>
            <object_component_ref idref="oc-54"/>
            <object_component_ref idref="oc-58"/>
            <object_component_ref idref="oc-5d"/>
            <object_component_ref idref="oc-62"/>
            <object_component_ref idref="oc-67"/>
            <object_component_ref idref="oc-6c"/>
            <object_component_ref idref="oc-73"/>
            <object_component_ref idref="oc-78"/>
            <object_component_ref idref="oc-7d"/>
            <object_component_ref idref="oc-7f"/>
            <object_component_ref idref="oc-87"/>
            <object_component_ref idref="oc-e8"/>
         </contents>
      </logical_group>
      <logical_group id="lg-d8" display="never" color="cyan">
         <name>.debug_frame</name>
         <load_address>0x0</load_address>
         <run_address>0x0</run_address>
         <size>0xb30</size>
         <contents>
            <object_component_ref idref="oc-24"/>
            <object_component_ref idref="oc-2f"/>
            <object_component_ref idref="oc-35"/>
            <object_component_ref idref="oc-3b"/>
            <object_component_ref idref="oc-41"/>
            <object_component_ref idref="oc-48"/>
            <object_component_ref idref="oc-59"/>
            <object_component_ref idref="oc-5e"/>
            <object_component_ref idref="oc-63"/>
            <object_component_ref idref="oc-68"/>
            <object_component_ref idref="oc-6f"/>
            <object_component_ref idref="oc-74"/>
            <object_component_ref idref="oc-79"/>
            <object_component_ref idref="oc-83"/>
            <object_component_ref idref="oc-88"/>
         </contents>
      </logical_group>
      <logical_group id="lg-da" display="never" color="cyan">
         <name>.debug_line</name>
         <load_address>0x0</load_address>
         <run_address>0x0</run_address>
         <size>0x18ed</size>
         <contents>
            <object_component_ref idref="oc-25"/>
            <object_component_ref idref="oc-28"/>
            <object_component_ref idref="oc-30"/>
            <object_component_ref idref="oc-36"/>
            <object_component_ref idref="oc-3c"/>
            <object_component_ref idref="oc-42"/>
            <object_component_ref idref="oc-49"/>
            <object_component_ref idref="oc-50"/>
            <object_component_ref idref="oc-55"/>
            <object_component_ref idref="oc-5a"/>
            <object_component_ref idref="oc-5f"/>
            <object_component_ref idref="oc-64"/>
            <object_component_ref idref="oc-69"/>
            <object_component_ref idref="oc-70"/>
            <object_component_ref idref="oc-75"/>
            <object_component_ref idref="oc-7a"/>
            <object_component_ref idref="oc-84"/>
            <object_component_ref idref="oc-89"/>
         </contents>
      </logical_group>
      <logical_group id="lg-dc" display="never" color="cyan">
         <name>.debug_abbrev</name>
         <load_address>0x0</load_address>
         <run_address>0x0</run_address>
         <size>0x1276</size>
         <contents>
            <object_component_ref idref="oc-26"/>
            <object_component_ref idref="oc-2a"/>
            <object_component_ref idref="oc-31"/>
            <object_component_ref idref="oc-37"/>
            <object_component_ref idref="oc-3d"/>
            <object_component_ref idref="oc-43"/>
            <object_component_ref idref="oc-4a"/>
            <object_component_ref idref="oc-51"/>
            <object_component_ref idref="oc-56"/>
            <object_component_ref idref="oc-5b"/>
            <object_component_ref idref="oc-60"/>
            <object_component_ref idref="oc-65"/>
            <object_component_ref idref="oc-6a"/>
            <object_component_ref idref="oc-71"/>
            <object_component_ref idref="oc-76"/>
            <object_component_ref idref="oc-7b"/>
            <object_component_ref idref="oc-7e"/>
            <object_component_ref idref="oc-85"/>
            <object_component_ref idref="oc-8a"/>
            <object_component_ref idref="oc-e9"/>
         </contents>
      </logical_group>
      <logical_group id="lg-de" display="never" color="cyan">
         <name>.debug_aranges</name>
         <load_address>0x0</load_address>
         <run_address>0x0</run_address>
         <size>0x400</size>
         <contents>
            <object_component_ref idref="oc-27"/>
            <object_component_ref idref="oc-2b"/>
            <object_component_ref idref="oc-32"/>
            <object_component_ref idref="oc-38"/>
            <object_component_ref idref="oc-3e"/>
            <object_component_ref idref="oc-44"/>
            <object_component_ref idref="oc-4b"/>
            <object_component_ref idref="oc-52"/>
            <object_component_ref idref="oc-57"/>
            <object_component_ref idref="oc-5c"/>
            <object_component_ref idref="oc-61"/>
            <object_component_ref idref="oc-66"/>
            <object_component_ref idref="oc-6b"/>
            <object_component_ref idref="oc-72"/>
            <object_component_ref idref="oc-77"/>
            <object_component_ref idref="oc-7c"/>
            <object_component_ref idref="oc-86"/>
            <object_component_ref idref="oc-8b"/>
         </contents>
      </logical_group>
   </logical_group_list>
   <placement_map>
      <memory_area display="no" color="green">
         <name>BEGIN</name>
         <page_id>0x0</page_id>
         <origin>0x0</origin>
         <length>0x2</length>
         <used_space>0x2</used_space>
         <unused_space>0x0</unused_space>
         <attributes>RWIX</attributes>
         <usage_details>
            <allocated_space>
               <start_address>0x0</start_address>
               <size>0x2</size>
               <logical_group_ref idref="lg-2"/>
            </allocated_space>
         </usage_details>
      </memory_area>
      <memory_area display="yes" color="green">
         <name>RAMM0</name>
         <page_id>0x0</page_id>
         <origin>0x122</origin>
         <length>0x2de</length>
         <used_space>0x49</used_space>
         <unused_space>0x295</unused_space>
         <attributes>RWIX</attributes>
         <usage_details>
            <allocated_space>
               <start_address>0x122</start_address>
               <size>0x45</size>
               <logical_group_ref idref="lg-4"/>
            </allocated_space>
            <allocated_space>
               <start_address>0x167</start_address>
               <size>0x4</size>
               <logical_group_ref idref="lg-f"/>
            </allocated_space>
            <available_space>
               <start_address>0x16b</start_address>
               <size>0x295</size>
            </available_space>
         </usage_details>
      </memory_area>
      <memory_area display="yes" color="green">
         <name>RAMLS0</name>
         <page_id>0x0</page_id>
         <origin>0x8000</origin>
         <length>0x800</length>
         <used_space>0x6c3</used_space>
         <unused_space>0x13d</unused_space>
         <attributes>RWIX</attributes>
         <usage_details>
            <allocated_space>
               <start_address>0x8000</start_address>
               <size>0x6c3</size>
               <logical_group_ref idref="lg-e4"/>
            </allocated_space>
            <available_space>
               <start_address>0x86c3</start_address>
               <size>0x13d</size>
            </available_space>
         </usage_details>
      </memory_area>
      <memory_area display="yes" color="green">
         <name>RAMLS1</name>
         <page_id>0x0</page_id>
         <origin>0x8800</origin>
         <length>0x800</length>
         <used_space>0x0</used_space>
         <unused_space>0x800</unused_space>
         <attributes>RWIX</attributes>
         <usage_details>
         </usage_details>
      </memory_area>
      <memory_area display="yes" color="green">
         <name>RAMLS2</name>
         <page_id>0x0</page_id>
         <origin>0x9000</origin>
         <length>0x800</length>
         <used_space>0x0</used_space>
         <unused_space>0x800</unused_space>
         <attributes>RWIX</attributes>
         <usage_details>
         </usage_details>
      </memory_area>
      <memory_area display="yes" color="green">
         <name>RAMLS3</name>
         <page_id>0x0</page_id>
         <origin>0x9800</origin>
         <length>0x800</length>
         <used_space>0x0</used_space>
         <unused_space>0x800</unused_space>
         <attributes>RWIX</attributes>
         <usage_details>
         </usage_details>
      </memory_area>
      <memory_area display="yes" color="green">
         <name>RAMLS4</name>
         <page_id>0x0</page_id>
         <origin>0xa000</origin>
         <length>0x800</length>
         <used_space>0x0</used_space>
         <unused_space>0x800</unused_space>
         <attributes>RWIX</attributes>
         <usage_details>
         </usage_details>
      </memory_area>
      <memory_area display="yes" color="green">
         <name>RAMD0</name>
         <page_id>0x0</page_id>
         <origin>0xb000</origin>
         <length>0x800</length>
         <used_space>0x800</used_space>
         <unused_space>0x0</unused_space>
         <attributes>RWIX</attributes>
         <usage_details>
            <allocated_space>
               <start_address>0xb000</start_address>
               <size>0x800</size>
               <logical_group_ref idref="lg-e5"/>
            </allocated_space>
         </usage_details>
      </memory_area>
      <memory_area display="no" color="green">
         <name>RESET</name>
         <page_id>0x0</page_id>
         <origin>0x3fffc0</origin>
         <length>0x2</length>
         <used_space>0x0</used_space>
         <unused_space>0x2</unused_space>
         <attributes>RWIX</attributes>
         <usage_details>
         </usage_details>
      </memory_area>
      <memory_area display="yes" color="green">
         <name>BOOT_RSVD</name>
         <page_id>0x1</page_id>
         <origin>0x2</origin>
         <length>0x120</length>
         <used_space>0x0</used_space>
         <unused_space>0x120</unused_space>
         <attributes>RWIX</attributes>
         <usage_details>
         </usage_details>
      </memory_area>
      <memory_area display="yes" color="green">
         <name>RAMM1</name>
         <page_id>0x1</page_id>
         <origin>0x400</origin>
         <length>0x400</length>
         <used_space>0x100</used_space>
         <unused_space>0x300</unused_space>
         <attributes>RWIX</attributes>
         <usage_details>
            <allocated_space>
               <start_address>0x400</start_address>
               <size>0x100</size>
               <logical_group_ref idref="lg-7"/>
            </allocated_space>
            <available_space>
               <start_address>0x500</start_address>
               <size>0x300</size>
            </available_space>
         </usage_details>
      </memory_area>
      <memory_area display="yes" color="green">
         <name>RAMLS5</name>
         <page_id>0x1</page_id>
         <origin>0xa800</origin>
         <length>0x800</length>
         <used_space>0x4ce</used_space>
         <unused_space>0x332</unused_space>
         <attributes>RWIX</attributes>
         <usage_details>
            <allocated_space>
               <start_address>0xa800</start_address>
               <size>0x3ac</size>
               <logical_group_ref idref="lg-a"/>
            </allocated_space>
            <allocated_space>
               <start_address>0xabac</start_address>
               <size>0x100</size>
               <logical_group_ref idref="lg-b"/>
            </allocated_space>
            <allocated_space>
               <start_address>0xacac</start_address>
               <size>0x22</size>
               <logical_group_ref idref="lg-e6"/>
            </allocated_space>
            <available_space>
               <start_address>0xacce</start_address>
               <size>0x332</size>
            </available_space>
         </usage_details>
      </memory_area>
      <memory_area display="yes" color="green">
         <name>RAMD1</name>
         <page_id>0x1</page_id>
         <origin>0xb800</origin>
         <length>0x800</length>
         <used_space>0x0</used_space>
         <unused_space>0x800</unused_space>
         <attributes>RWIX</attributes>
         <usage_details>
         </usage_details>
      </memory_area>
      <memory_area display="yes" color="green">
         <name>RAMGS0</name>
         <page_id>0x1</page_id>
         <origin>0xc000</origin>
         <length>0x1000</length>
         <used_space>0x0</used_space>
         <unused_space>0x1000</unused_space>
         <attributes>RWIX</attributes>
         <usage_details>
         </usage_details>
      </memory_area>
      <memory_area display="yes" color="green">
         <name>RAMGS1</name>
         <page_id>0x1</page_id>
         <origin>0xd000</origin>
         <length>0x1000</length>
         <used_space>0x0</used_space>
         <unused_space>0x1000</unused_space>
         <attributes>RWIX</attributes>
         <usage_details>
         </usage_details>
      </memory_area>
      <memory_area display="yes" color="green">
         <name>RAMGS2</name>
         <page_id>0x1</page_id>
         <origin>0xe000</origin>
         <length>0x1000</length>
         <used_space>0x0</used_space>
         <unused_space>0x1000</unused_space>
         <attributes>RWIX</attributes>
         <usage_details>
         </usage_details>
      </memory_area>
      <memory_area display="yes" color="green">
         <name>RAMGS3</name>
         <page_id>0x1</page_id>
         <origin>0xf000</origin>
         <length>0x1000</length>
         <used_space>0x0</used_space>
         <unused_space>0x1000</unused_space>
         <attributes>RWIX</attributes>
         <usage_details>
         </usage_details>
      </memory_area>
      <memory_area display="yes" color="green">
         <name>RAMGS4</name>
         <page_id>0x1</page_id>
         <origin>0x10000</origin>
         <length>0x1000</length>
         <used_space>0x0</used_space>
         <unused_space>0x1000</unused_space>
         <attributes>RWIX</attributes>
         <usage_details>
         </usage_details>
      </memory_area>
      <memory_area display="yes" color="green">
         <name>RAMGS5</name>
         <page_id>0x1</page_id>
         <origin>0x11000</origin>
         <length>0x1000</length>
         <used_space>0x0</used_space>
         <unused_space>0x1000</unused_space>
         <attributes>RWIX</attributes>
         <usage_details>
         </usage_details>
      </memory_area>
      <memory_area display="yes" color="green">
         <name>RAMGS6</name>
         <page_id>0x1</page_id>
         <origin>0x12000</origin>
         <length>0x1000</length>
         <used_space>0x0</used_space>
         <unused_space>0x1000</unused_space>
         <attributes>RWIX</attributes>
         <usage_details>
         </usage_details>
      </memory_area>
      <memory_area display="yes" color="green">
         <name>RAMGS7</name>
         <page_id>0x1</page_id>
         <origin>0x13000</origin>
         <length>0x1000</length>
         <used_space>0x0</used_space>
         <unused_space>0x1000</unused_space>
         <attributes>RWIX</attributes>
         <usage_details>
         </usage_details>
      </memory_area>
      <memory_area display="yes" color="green">
         <name>RAMGS8</name>
         <page_id>0x1</page_id>
         <origin>0x14000</origin>
         <length>0x1000</length>
         <used_space>0x0</used_space>
         <unused_space>0x1000</unused_space>
         <attributes>RWIX</attributes>
         <usage_details>
         </usage_details>
      </memory_area>
      <memory_area display="yes" color="green">
         <name>RAMGS9</name>
         <page_id>0x1</page_id>
         <origin>0x15000</origin>
         <length>0x1000</length>
         <used_space>0x0</used_space>
         <unused_space>0x1000</unused_space>
         <attributes>RWIX</attributes>
         <usage_details>
         </usage_details>
      </memory_area>
      <memory_area display="yes" color="green">
         <name>RAMGS10</name>
         <page_id>0x1</page_id>
         <origin>0x16000</origin>
         <length>0x1000</length>
         <used_space>0x0</used_space>
         <unused_space>0x1000</unused_space>
         <attributes>RWIX</attributes>
         <usage_details>
         </usage_details>
      </memory_area>
      <memory_area display="yes" color="green">
         <name>RAMGS11</name>
         <page_id>0x1</page_id>
         <origin>0x17000</origin>
         <length>0x1000</length>
         <used_space>0x400</used_space>
         <unused_space>0xc00</unused_space>
         <attributes>RWIX</attributes>
         <usage_details>
            <allocated_space>
               <start_address>0x17000</start_address>
               <size>0x400</size>
               <logical_group_ref idref="lg-e7"/>
            </allocated_space>
            <available_space>
               <start_address>0x17400</start_address>
               <size>0xc00</size>
            </available_space>
         </usage_details>
      </memory_area>
      <memory_area display="yes" color="green">
         <name>RAMGS12</name>
         <page_id>0x1</page_id>
         <origin>0x18000</origin>
         <length>0x1000</length>
         <used_space>0x0</used_space>
         <unused_space>0x1000</unused_space>
         <attributes>RWIX</attributes>
         <usage_details>
         </usage_details>
      </memory_area>
      <memory_area display="yes" color="green">
         <name>RAMGS13</name>
         <page_id>0x1</page_id>
         <origin>0x19000</origin>
         <length>0x1000</length>
         <used_space>0x0</used_space>
         <unused_space>0x1000</unused_space>
         <attributes>RWIX</attributes>
         <usage_details>
         </usage_details>
      </memory_area>
      <memory_area display="yes" color="green">
         <name>RAMGS14</name>
         <page_id>0x1</page_id>
         <origin>0x1a000</origin>
         <length>0x1000</length>
         <used_space>0x0</used_space>
         <unused_space>0x1000</unused_space>
         <attributes>RWIX</attributes>
         <usage_details>
         </usage_details>
      </memory_area>
      <memory_area display="yes" color="green">
         <name>RAMGS15</name>
         <page_id>0x1</page_id>
         <origin>0x1b000</origin>
         <length>0x1000</length>
         <used_space>0x0</used_space>
         <unused_space>0x1000</unused_space>
         <attributes>RWIX</attributes>
         <usage_details>
         </usage_details>
      </memory_area>
      <memory_area display="yes" color="green">
         <name>CPU2TOCPU1RAM</name>
         <page_id>0x1</page_id>
         <origin>0x3f800</origin>
         <length>0x400</length>
         <used_space>0x0</used_space>
         <unused_space>0x400</unused_space>
         <attributes>RWIX</attributes>
         <usage_details>
         </usage_details>
      </memory_area>
      <memory_area display="yes" color="green">
         <name>CPU1TOCPU2RAM</name>
         <page_id>0x1</page_id>
         <origin>0x3fc00</origin>
         <length>0x400</length>
         <used_space>0x0</used_space>
         <unused_space>0x400</unused_space>
         <attributes>RWIX</attributes>
         <usage_details>
         </usage_details>
      </memory_area>
      <memory_area display="yes" color="green">
         <name>CANA_MSG_RAM</name>
         <page_id>0x1</page_id>
         <origin>0x49000</origin>
         <length>0x800</length>
         <used_space>0x0</used_space>
         <unused_space>0x800</unused_space>
         <attributes>RWIX</attributes>
         <usage_details>
         </usage_details>
      </memory_area>
      <memory_area display="yes" color="green">
         <name>CANB_MSG_RAM</name>
         <page_id>0x1</page_id>
         <origin>0x4b000</origin>
         <length>0x800</length>
         <used_space>0x0</used_space>
         <unused_space>0x800</unused_space>
         <attributes>RWIX</attributes>
         <usage_details>
         </usage_details>
      </memory_area>
   </placement_map>
   <symbol_table>
      <symbol id="sm-0">
         <name>cinit</name>
         <value>0x122</value>
      </symbol>
      <symbol id="sm-1">
         <name>___cinit__</name>
         <value>0x122</value>
      </symbol>
      <symbol id="sm-2">
         <name>pinit</name>
         <value>0xffffffff</value>
      </symbol>
      <symbol id="sm-3">
         <name>___pinit__</name>
         <value>0xffffffff</value>
      </symbol>
      <symbol id="sm-4">
         <name>binit</name>
         <value>0xffffffff</value>
      </symbol>
      <symbol id="sm-5">
         <name>___binit__</name>
         <value>0xffffffff</value>
      </symbol>
      <symbol id="sm-6">
         <name>__STACK_SIZE</name>
         <value>0x100</value>
      </symbol>
      <symbol id="sm-7">
         <name>__STACK_END</name>
         <value>0x500</value>
      </symbol>
      <symbol id="sm-8">
         <name>__SYSMEM_SIZE</name>
         <value>0x100</value>
      </symbol>
      <symbol id="sm-9">
         <name>___c_args__</name>
         <value>0xffffffff</value>
      </symbol>
      <symbol id="sm-a">
         <name>.text</name>
         <value>0xffffffff</value>
      </symbol>
      <symbol id="sm-b">
         <name>___text__</name>
         <value>0xffffffff</value>
      </symbol>
      <symbol id="sm-c">
         <name>etext</name>
         <value>0xffffffff</value>
      </symbol>
      <symbol id="sm-d">
         <name>___etext__</name>
         <value>0xffffffff</value>
      </symbol>
      <symbol id="sm-e">
         <name>___TI_pprof_out_hndl</name>
         <value>0xffffffff</value>
      </symbol>
      <symbol id="sm-f">
         <name>___TI_prof_data_start</name>
         <value>0xffffffff</value>
      </symbol>
      <symbol id="sm-10">
         <name>___TI_prof_data_size</name>
         <value>0xffffffff</value>
      </symbol>
      <symbol id="sm-82">
         <name>_main</name>
         <value>0xb596</value>
         <object_component_ref idref="oc-91"/>
      </symbol>
      <symbol id="sm-83">
         <name>_msg2</name>
         <value>0xacb6</value>
         <object_component_ref idref="oc-21"/>
      </symbol>
      <symbol id="sm-84">
         <name>_msg3</name>
         <value>0xacb8</value>
         <object_component_ref idref="oc-21"/>
      </symbol>
      <symbol id="sm-85">
         <name>_msg1</name>
         <value>0xacb4</value>
         <object_component_ref idref="oc-21"/>
      </symbol>
      <symbol id="sm-86">
         <name>_receivedChar</name>
         <value>0xacad</value>
         <object_component_ref idref="oc-21"/>
      </symbol>
      <symbol id="sm-87">
         <name>_error</name>
         <value>0xb5ed</value>
         <object_component_ref idref="oc-91"/>
      </symbol>
      <symbol id="sm-88">
         <name>_scibTXFIFOISR</name>
         <value>0x8000</value>
         <object_component_ref idref="oc-22"/>
      </symbol>
      <symbol id="sm-89">
         <name>_rcvdArray</name>
         <value>0x17000</value>
         <object_component_ref idref="oc-8e"/>
      </symbol>
      <symbol id="sm-8a">
         <name>_scibRXFIFOISR</name>
         <value>0x8038</value>
         <object_component_ref idref="oc-22"/>
      </symbol>
      <symbol id="sm-8b">
         <name>_initSCIBFIFO</name>
         <value>0xb49e</value>
         <object_component_ref idref="oc-91"/>
      </symbol>
      <symbol id="sm-8c">
         <name>_j</name>
         <value>0xacb0</value>
         <object_component_ref idref="oc-21"/>
      </symbol>
      <symbol id="sm-8d">
         <name>_i</name>
         <value>0xacb1</value>
         <object_component_ref idref="oc-21"/>
      </symbol>
      <symbol id="sm-8e">
         <name>_d</name>
         <value>0xacae</value>
         <object_component_ref idref="oc-21"/>
      </symbol>
      <symbol id="sm-8f">
         <name>_c</name>
         <value>0xacaf</value>
         <object_component_ref idref="oc-21"/>
      </symbol>
      <symbol id="sm-90">
         <name>_count</name>
         <value>0xacb2</value>
         <object_component_ref idref="oc-21"/>
      </symbol>
      <symbol id="sm-91">
         <name>_loopCounter</name>
         <value>0xacac</value>
         <object_component_ref idref="oc-21"/>
      </symbol>
      <symbol id="sm-9e">
         <name>code_start</name>
         <value>0x0</value>
         <object_component_ref idref="oc-1e"/>
      </symbol>
      <symbol id="sm-b3">
         <name>_Example_done</name>
         <value>0xb5fc</value>
         <object_component_ref idref="oc-92"/>
      </symbol>
      <symbol id="sm-b4">
         <name>_Example_Fail</name>
         <value>0xacbe</value>
         <object_component_ref idref="oc-2e"/>
      </symbol>
      <symbol id="sm-b5">
         <name>_Device_initGPIO</name>
         <value>0xb64f</value>
         <object_component_ref idref="oc-92"/>
      </symbol>
      <symbol id="sm-b6">
         <name>_Example_setResultPass</name>
         <value>0xb5f2</value>
         <object_component_ref idref="oc-92"/>
      </symbol>
      <symbol id="sm-b7">
         <name>___error__</name>
         <value>0xb5ef</value>
         <object_component_ref idref="oc-92"/>
      </symbol>
      <symbol id="sm-b8">
         <name>_Example_Result</name>
         <value>0xacba</value>
         <object_component_ref idref="oc-2e"/>
      </symbol>
      <symbol id="sm-b9">
         <name>_Example_setResultFail</name>
         <value>0xb5f7</value>
         <object_component_ref idref="oc-92"/>
      </symbol>
      <symbol id="sm-ba">
         <name>_Device_enableUnbondedGPIOPullupsFor176Pin</name>
         <value>0xb5fd</value>
         <object_component_ref idref="oc-92"/>
      </symbol>
      <symbol id="sm-bb">
         <name>_Device_enableUnbondedGPIOPullups</name>
         <value>0xb63f</value>
         <object_component_ref idref="oc-92"/>
      </symbol>
      <symbol id="sm-bc">
         <name>_Device_init</name>
         <value>0xb70c</value>
         <object_component_ref idref="oc-92"/>
      </symbol>
      <symbol id="sm-bd">
         <name>_Example_PassCount</name>
         <value>0xacbc</value>
         <object_component_ref idref="oc-2e"/>
      </symbol>
      <symbol id="sm-be">
         <name>_Device_enableUnbondedGPIOPullupsFor100Pin</name>
         <value>0xb618</value>
         <object_component_ref idref="oc-92"/>
      </symbol>
      <symbol id="sm-bf">
         <name>_Device_enableAllPeripherals</name>
         <value>0xb66d</value>
         <object_component_ref idref="oc-92"/>
      </symbol>
      <symbol id="sm-e8">
         <name>_GPIO_setMasterCore</name>
         <value>0x8410</value>
         <object_component_ref idref="oc-a6"/>
      </symbol>
      <symbol id="sm-e9">
         <name>_GPIO_setPinConfig</name>
         <value>0x8480</value>
         <object_component_ref idref="oc-a7"/>
      </symbol>
      <symbol id="sm-ea">
         <name>_GPIO_setDirectionMode</name>
         <value>0xb7cd</value>
         <object_component_ref idref="oc-a8"/>
      </symbol>
      <symbol id="sm-eb">
         <name>_GPIO_setQualificationMode</name>
         <value>0x8448</value>
         <object_component_ref idref="oc-aa"/>
      </symbol>
      <symbol id="sm-ec">
         <name>_GPIO_setPadConfig</name>
         <value>0x819a</value>
         <object_component_ref idref="oc-a9"/>
      </symbol>
      <symbol id="sm-11d">
         <name>_Interrupt_enable</name>
         <value>0x84b7</value>
         <object_component_ref idref="oc-ad"/>
      </symbol>
      <symbol id="sm-11e">
         <name>_Interrupt_initVectorTable</name>
         <value>0x855a</value>
         <object_component_ref idref="oc-ac"/>
      </symbol>
      <symbol id="sm-11f">
         <name>_Interrupt_initModule</name>
         <value>0x8398</value>
         <object_component_ref idref="oc-ab"/>
      </symbol>
      <symbol id="sm-173">
         <name>_SCI_enableInterrupt</name>
         <value>0x8316</value>
         <object_component_ref idref="oc-a4"/>
      </symbol>
      <symbol id="sm-174">
         <name>_SCI_clearInterruptStatus</name>
         <value>0x828a</value>
         <object_component_ref idref="oc-8c"/>
      </symbol>
      <symbol id="sm-175">
         <name>_SCI_setConfig</name>
         <value>0x835a</value>
         <object_component_ref idref="oc-a3"/>
      </symbol>
      <symbol id="sm-176">
         <name>_SCI_disableInterrupt</name>
         <value>0x82d0</value>
         <object_component_ref idref="oc-a5"/>
      </symbol>
      <symbol id="sm-177">
         <name>_SCI_readCharArray</name>
         <value>0x83d5</value>
         <object_component_ref idref="oc-8f"/>
      </symbol>
      <symbol id="sm-1c0">
         <name>_SysCtl_delay</name>
         <value>0x167</value>
         <object_component_ref idref="oc-46"/>
      </symbol>
      <symbol id="sm-1c1">
         <name>_SysCtl_selectOscSource</name>
         <value>0x823d</value>
         <object_component_ref idref="oc-bb"/>
      </symbol>
      <symbol id="sm-1c2">
         <name>_SysCtl_setClock</name>
         <value>0xb266</value>
         <object_component_ref idref="oc-ae"/>
      </symbol>
      <symbol id="sm-1c3">
         <name>_SysCtl_getLowSpeedClock</name>
         <value>0x85d1</value>
         <object_component_ref idref="oc-b0"/>
      </symbol>
      <symbol id="sm-1c4">
         <name>_SysCtl_getClock</name>
         <value>0x81ec</value>
         <object_component_ref idref="oc-af"/>
      </symbol>
      <symbol id="sm-1df">
         <name>_c_int00</name>
         <value>0x8144</value>
         <object_component_ref idref="oc-4c"/>
      </symbol>
      <symbol id="sm-1e0">
         <name>__stack</name>
         <value>0x400</value>
         <object_component_ref idref="oc-4d"/>
      </symbol>
      <symbol id="sm-1f1">
         <name>FS$$DIV</name>
         <value>0xb745</value>
         <object_component_ref idref="oc-53"/>
      </symbol>
      <symbol id="sm-200">
         <name>_copy_in</name>
         <value>0x8514</value>
         <object_component_ref idref="oc-94"/>
      </symbol>
      <symbol id="sm-211">
         <name>_memcpy</name>
         <value>0x8599</value>
         <object_component_ref idref="oc-9e"/>
      </symbol>
      <symbol id="sm-21d">
         <name>__system_pre_init</name>
         <value>0x86c0</value>
         <object_component_ref idref="oc-93"/>
      </symbol>
      <symbol id="sm-22a">
         <name>__system_post_cinit</name>
         <value>0x86c2</value>
         <object_component_ref idref="oc-95"/>
      </symbol>
      <symbol id="sm-23e">
         <name>C$$EXIT</name>
         <value>0x84eb</value>
         <object_component_ref idref="oc-97"/>
      </symbol>
      <symbol id="sm-23f">
         <name>_exit</name>
         <value>0x84ed</value>
         <object_component_ref idref="oc-97"/>
      </symbol>
      <symbol id="sm-240">
         <name>___TI_cleanup_ptr</name>
         <value>0xacc2</value>
         <object_component_ref idref="oc-6e"/>
      </symbol>
      <symbol id="sm-241">
         <name>___TI_enable_exit_profile_output</name>
         <value>0xacc0</value>
         <object_component_ref idref="oc-6e"/>
      </symbol>
      <symbol id="sm-242">
         <name>_abort</name>
         <value>0x84eb</value>
         <object_component_ref idref="oc-97"/>
      </symbol>
      <symbol id="sm-243">
         <name>___TI_dtors_ptr</name>
         <value>0xacc4</value>
         <object_component_ref idref="oc-6e"/>
      </symbol>
      <symbol id="sm-257">
         <name>__unlock</name>
         <value>0xaccc</value>
         <object_component_ref idref="oc-9c"/>
      </symbol>
      <symbol id="sm-258">
         <name>__lock</name>
         <value>0xacca</value>
         <object_component_ref idref="oc-9a"/>
      </symbol>
      <symbol id="sm-259">
         <name>__register_lock</name>
         <value>0x86b9</value>
         <object_component_ref idref="oc-b1"/>
      </symbol>
      <symbol id="sm-25a">
         <name>__nop</name>
         <value>0x86bd</value>
         <object_component_ref idref="oc-b1"/>
      </symbol>
      <symbol id="sm-25b">
         <name>__register_unlock</name>
         <value>0x86b5</value>
         <object_component_ref idref="oc-b1"/>
      </symbol>
      <symbol id="sm-26a">
         <name>__args_main</name>
         <value>0x861d</value>
         <object_component_ref idref="oc-96"/>
      </symbol>
      <symbol id="sm-272">
         <name>__ctypes_</name>
         <value>0xa800</value>
         <object_component_ref idref="oc-90"/>
      </symbol>
      <symbol id="sm-2c3">
         <name>__sys_memory</name>
         <value>0xabac</value>
         <object_component_ref idref="oc-82"/>
      </symbol>
      <symbol id="sm-2c4">
         <name>___TI_heap_total_available</name>
         <value>0xb22a</value>
         <object_component_ref idref="oc-8d"/>
      </symbol>
      <symbol id="sm-2c5">
         <name>_realloc</name>
         <value>0xb0f2</value>
         <object_component_ref idref="oc-8d"/>
      </symbol>
      <symbol id="sm-2c6">
         <name>___TI_heap_check</name>
         <value>0xb264</value>
         <object_component_ref idref="oc-8d"/>
      </symbol>
      <symbol id="sm-2c7">
         <name>_free</name>
         <value>0xb02b</value>
         <object_component_ref idref="oc-8d"/>
      </symbol>
      <symbol id="sm-2c8">
         <name>_memalign</name>
         <value>0xb195</value>
         <object_component_ref idref="oc-8d"/>
      </symbol>
      <symbol id="sm-2c9">
         <name>_calloc</name>
         <value>0xb16e</value>
         <object_component_ref idref="oc-8d"/>
      </symbol>
      <symbol id="sm-2ca">
         <name>_malloc</name>
         <value>0xb000</value>
         <object_component_ref idref="oc-8d"/>
      </symbol>
      <symbol id="sm-2cb">
         <name>_aligned_alloc</name>
         <value>0xb195</value>
         <object_component_ref idref="oc-8d"/>
      </symbol>
      <symbol id="sm-2cc">
         <name>_minit</name>
         <value>0xb16a</value>
         <object_component_ref idref="oc-8d"/>
      </symbol>
      <symbol id="sm-2cd">
         <name>___TI_heap_largest_available</name>
         <value>0xb247</value>
         <object_component_ref idref="oc-8d"/>
      </symbol>
      <symbol id="sm-2db">
         <name>_memset</name>
         <value>0x8695</value>
         <object_component_ref idref="oc-9f"/>
      </symbol>
   </symbol_table>
   <title>Link successful</title>
</link_info>
